# Posterior-summary values transcribed from Table B1 of Stiskalek et al. (2025),
# "Two per cent measurement of H0 from Cepheids alone", MNRAS, staf2260.
# Version used: arXiv:2509.09665v3 (2026-06-10; accepted erratum incorporated).
# DOI: https://doi.org/10.1093/mnras/staf2260
# arXiv source: https://arxiv.org/abs/2509.09665v3
# Uncertainties are the arithmetic mean of the published upper/lower 68% widths.
# These are joint posterior summaries, not independent raw observations. The
# pipeline therefore uses them only for the labelled Step 51 sensitivity test.
host,cz_cmb_kms,mu_mag,mu_error_mag,vpec_manticore_kms,vpec_error_kms
M101,366,29.17,0.040,-81,91.5
M1337,2896,32.91,0.070,155,73.0
N0691,2581,32.76,0.075,147,77.0
N1015,2401,32.55,0.060,29,71.0
N1309,2003,32.51,0.050,-180,102.0
N1365,1379,31.36,0.050,-17,129.0
N1448,1097,31.28,0.040,-46,130.5
N1559,1304,31.46,0.050,-93,101.0
N2442,1544,31.46,0.060,166,84.0
N2525,1787,32.00,0.070,25,80.0
N2608,2386,32.70,0.060,-191,78.0
N3021,1775,32.37,0.095,-355,96.5
N3147,2977,33.18,0.070,-294,91.5
N3254,1649,32.34,0.060,-430,85.0
N3370,1619,32.13,0.050,-353,101.0
N3447,1394,31.93,0.035,-205,101.0
N3583,2317,32.80,0.060,-313,71.0
N3972,1106,31.69,0.065,-465,109.5
N3982,1106,31.65,0.060,-453,118.0
N4038,1979,31.66,0.095,340,80.5
N4424,767,30.83,0.110,452,319.0
N4536,1049,30.84,0.050,646,194.0
N4639,1385,31.79,0.090,-414,162.0
N4680,2791,32.73,0.115,207,78.0
N5468,2992,33.10,0.055,28,71.5
N5584,1904,31.81,0.050,142,96.5
N5643,1433,30.52,0.050,351,98.0
N5728,3148,33.02,0.085,150,73.5
N5861,2179,32.28,0.085,175,90.5
N5917,2108,32.36,0.070,1,97.5
N7250,878,31.52,0.100,-375,71.5
N7329,3124,33.26,0.070,79,86.5
N7541,2305,32.60,0.070,-18,87.0
N7678,3145,33.23,0.070,75,79.0
U9391,1991,32.79,0.060,-446,81.5
