source_id,normalized_name,ra,dec,pgc,host_logmass,z_hd,z_hd_err,z_cmb,z_cmb_err,z_hel,z_hel_err,vpec,vpecerr,m_b_corr,m_b_corr_err,pantheon_id,separation_arcsec,sigma_measured,sigma_inferred,r25_arcsec,r_eff_arcsec,sigma_corrected,sigma_delta
LMC_GRND,LMC,80.89416666666666,-69.75611111111111,17223,,,,,,,,,,,,,,24.0,24.0,19369.62687103967,9684.813435519834,24.0,0.0
LMC_HST,LMC,80.89416666666666,-69.75611111111111,17223,,,,,,,,,,,,,,24.0,24.0,19369.62687103967,9684.813435519834,24.0,0.0
M101,M 101,210.80242916666668,54.34875,50063,10.677,0.00122,0.00084,0.00122,2e-05,0.00082,2e-05,0.0,250.0,9.74571,1.51621,2011fe,276.69850762743545,28.0,28.0,865.2094509379817,432.60472546899086,28.0,0.0
M1337,Mrk 1337,193.144622899,-9.776590111,43690,9.554,0.00925,0.00084,0.00966,5e-05,0.00853,5e-05,120.873,250.0,13.6384,0.28515,2006D,13.79293217825751,94.0,94.0,36.90806312437145,18.45403156218573,94.0,0.0
M31,M 31,10.684708333333331,41.26875,2557,,,,,,,,,,,,,,160.0,160.0,5716.382153889739,2858.1910769448696,160.0,0.0
N0691,NGC 0691,27.673786536389997,21.759970445709996,6793,10.827,0.00855,0.00084,0.00861,2e-05,0.00954,2e-05,15.8947,250.0,13.599,0.316884,2005W,56.216102101318214,108.0,108.0,104.0210551357595,52.01052756787975,108.0,0.0
N1015,NGC 1015,39.54813215151,-1.3187773861799998,9988,9.906,0.00815,0.00084,0.00801,2e-05,0.00877,2e-05,-43.0674,250.0,13.1181,0.370944,2009ig,22.619141847191106,106.5,106.5,78.90803975686144,39.45401987843072,106.5,0.0
N105A,NGC 105,6.31979949466,12.88386496266,1583,10.123,0.01682,0.00085,0.01646,9e-05,0.01765,9e-05,-104.478,250.0,15.2119,0.357309,2007A,10.6587383123222,85.0,85.0,33.66055362905891,16.830276814529455,85.0,0.0
N1309,NGC 1309,50.52731207393,-15.39994213692,12626,9.89,0.00719,0.00085,0.00668,0.00015,0.00719,0.00015,-152.591,250.0,13.1893,0.299093,2002fk,12.667845748593429,89.0,89.0,65.6328487184866,32.8164243592433,89.0,0.0
N1365,NGC 1365,53.40190833333333,-36.140658333333334,13179,10.732,0.00483,0.00085,0.0046,0.00015,0.00492,0.00015,-67.5086,250.0,11.8801,0.446066,2012fr,49.12435147914281,151.0,151.0,336.60553629058893,168.30276814529446,151.0,0.0
N1448,NGC 1448,56.132979166666665,-44.644827777777785,13727,11.28,0.00333,0.00084,0.00357,1e-05,0.00379,1e-05,71.5597,250.0,12.2481,0.590389,2001el,22.90363879961533,95.0,95.0,227.57327250875508,113.78663625437754,95.0,0.0
N1559,NGC 1559,64.3989619176,-62.78368099094,14814,10.375,0.00407,0.00084,0.00435,1e-05,0.00435,1e-05,86.1777,250.0,12.1403,0.475638,2005df,53.73434934545543,73.0,73.0,104.0210551357595,52.01052756787975,73.0,0.0
N2442,NGC 2442,114.09904189399002,-69.53083273787,21373,12.198,0.00488,0.00084,0.00515,2e-05,0.00476,2e-05,80.5777,250.0,12.1943,0.44745,2015F,97.30833663300191,144.0,144.0,164.86226215728738,82.43113107864369,144.0,0.0
N2525,NGC 2525,121.40849930031004,-11.427045532359998,22721,10.06,0.00602,0.00085,0.00596,0.00015,0.0051,0.00015,-18.777,250.0,12.6874,0.343274,2018gv,64.37758304478739,82.0,82.0,86.52094509379818,43.26047254689909,82.0,0.0
N2608,NGC 2608,128.82220753716,28.473398979510005,24111,10.449,0.00855,0.00084,0.00796,1e-05,0.00719,1e-05,-174.166,250.0,13.4398,0.358202,2001bg,28.266810170056942,87.0,87.0,68.72602958303321,34.363014791516605,87.0,0.0
N3021,NGC 3021,147.73810673169,33.55359289002,28357,10.296,0.00673,0.00084,0.00592,6e-05,0.00504,6e-05,-242.468,250.0,13.1063,0.358431,1995al,15.732375475256568,55.7,55.7,47.546795773833395,23.773397886916698,55.7,0.0
N3147,NGC 3147,154.22349524198,73.40073383283999,30019,12.588,0.01079,0.00084,0.00993,2e-05,0.00973,2e-05,-255.903,250.0,13.8153,0.322889,1997bq,78.50756460859391,238.0,238.0,116.7135434982842,58.3567717491421,238.0,0.0
N3254,NGC 3254,157.33300833333334,29.491438888888887,30895,10.63,0.00648,0.00084,0.0055,0.0,0.00452,0.0,-289.936,250.0,13.2078,0.317328,2019np,74.51151356598959,117.8,117.8,150.35617008818167,75.17808504409084,117.8,0.0
N3370,NGC 3370,161.76697273869,17.27369871105,32207,10.196,0.00588,0.00084,0.0054,1e-05,0.00427,1e-05,-144.588,250.0,12.9292,0.338568,1994ae,31.31475124602049,85.0,85.0,94.86832980505136,47.43416490252569,85.0,0.0
N3447,NGC 3447,163.34986296531,16.77242823926,32694,9.53,0.00465,0.00084,0.00465,2e-05,0.00352,2e-05,-0.2973,250.0,12.6779,0.441191,2012ht,22.03175875379833,55.0,55.0,111.4605687291518,55.730284364575894,55.0,0.0
N3583,NGC 3583,168.5457458333333,48.318377777777776,34232,10.95,0.00857,0.00084,0.00773,1e-05,0.00702,1e-05,-249.339,250.0,13.4997,0.266214,ASASSN-15so,1.3098966680907265,108.0,108.0,84.5514879379336,42.2757439689668,108.0,0.0
N3972,NGC 3972,178.93787699999996,55.320735,37466,10.417,0.00349,0.00084,0.00369,2e-05,0.00313,2e-05,61.7743,250.0,12.5403,0.55206,2011by,18.045728865640704,78.0,78.0,116.7135434982842,58.3567717491421,78.0,0.0
N3982,NGC 3982,179.11726896503,55.12523877407,37520,10.199,0.00349,0.00084,0.00369,1e-05,0.00313,1e-05,61.7743,250.0,12.2437,0.544824,1998aq,22.7871952470788,87.3,87.3,70.32686445959767,35.163432229798836,87.3,0.0
N4038,NGC 4038,180.47084166666667,-18.86758888888889,37967,10.682,0.00571,0.00084,0.0066,2e-05,0.00542,2e-05,265.999,250.0,12.4269,0.374942,2007sr,378.770845274218,107.0,107.0,157.44223807493177,78.72111903746588,107.0,0.0
N4258,NGC 4258,184.7400833333333,47.30371944444444,39600,,,,,,,,,,,,,,115.0,115.0,558.6261409988603,279.3130704994301,115.0,0.0
N4424,NGC 4424,186.79822551483997,9.420647348250002,40809,9.633,0.00256,0.00084,0.00256,2e-05,0.00144,2e-05,0.0,250.0,11.4703,0.781906,2012cg,17.00238784698356,65.0,65.0,108.92341643103045,54.461708215515216,65.0,0.0
N4536,NGC 4536,188.6130369583333,2.1878799999999994,41823,9.686,0.00317,0.00084,0.0035,1e-05,0.00236,1e-05,97.8762,250.0,11.5416,0.613941,1981B,55.91057781630411,103.7,103.7,227.57327250875508,113.78663625437754,103.7,0.0
N4639,NGC 4639,190.71824375014,13.257418376,42741,9.802,0.00359,0.00084,0.00462,2e-05,0.00355,2e-05,308.577,250.0,12.4439,0.550332,1990N,62.30683330267218,96.2,96.2,82.62686110014499,41.313430550072496,96.2,0.0
N4680,NGC 4680,191.7281208333333,-11.637038888888888,43118,9.75,0.00864,0.00085,0.00931,0.00015,0.00817,0.00015,201.132,250.0,13.1668,0.42436,1997bp,24.4465603879768,103.0,103.0,43.363193122377815,21.681596561188908,103.0,0.0
N5468,NGC 5468,211.6453774379183,-5.4529774527145,50323,10.426,0.00954,0.00086,0.00998,0.00019,0.00907,0.00019,129.581,250.0,13.9779,0.250455,2002cr,64.21882633584156,68.0,68.0,78.90803975686144,39.45401987843072,68.0,0.0
N5584,NGC 5584,215.5992125,-0.3874499999999999,51344,10.331,0.00625,0.00084,0.00635,1e-05,0.00552,1e-05,31.5763,250.0,12.8137,0.32481,2007af,46.38789811558817,98.0,98.0,101.65324684176076,50.82662342088038,98.0,0.0
N5643,NGC 5643,218.16990833333332,-44.174611111111105,51969,10.53,0.00331,0.00085,0.00478,0.00015,0.00411,0.00015,440.866,250.0,11.2074,0.59407,2013aa,194.14828260022685,107.0,107.0,137.12645688446247,68.56322844223124,107.0,0.0
N5728,NGC 5728,220.59954937774,-17.25312243994,52521,10.636,0.00996,0.00086,0.0105,0.00015,0.00974,0.00015,161.695,250.0,13.3927,0.408196,2009Y,22.839020246785093,176.0,176.0,92.70886297540773,46.354431487703856,176.0,0.0
N5861,NGC 5861,227.31704695833332,-11.321661111111112,54097,10.591,0.00677,0.00085,0.00727,0.00015,0.00662,0.00015,147.138,250.0,12.9421,0.339458,2017erp,48.528314991701194,112.0,112.0,90.59855161206048,45.29927580603024,112.0,0.0
N5917,NGC 5917,230.3856254335,-7.377089110400001,54809,9.184,0.0071,0.00084,0.00703,6e-05,0.00644,6e-05,-21.2471,250.0,13.0663,0.324465,2005cf,130.12865238403828,54.0,54.0,45.40683745308624,22.70341872654312,54.0,0.0
N7250,NGC 7250,334.5740666666667,40.56240555555555,68535,9.131,0.00432,0.00084,0.00293,0.00012,0.00394,0.00012,-413.1,250.0,12.246,0.513549,2013dy,24.990834675810696,52.0,52.0,52.134024862481255,26.067012431240627,52.0,0.0
N7329,NGC 7329,340.10094603963,-66.47895444826,69453,10.501,0.01028,0.00086,0.01042,0.00015,0.01077,0.00015,40.4087,250.0,14.0258,0.246478,2006bh,53.54862058969729,124.0,124.0,116.7135434982842,58.3567717491421,124.0,0.0
N7541,NGC 7541,348.68273750000003,4.5339,70795,10.935,0.00814,0.00084,0.00769,2e-05,0.00893,2e-05,-134.006,250.0,13.4634,0.315879,1998dh,54.28672324231211,64.4,64.4,104.0210551357595,52.01052756787975,64.4,0.0
N7678,NGC 7678,352.11609521324993,22.421269142620005,71534,10.53,0.01061,0.00084,0.01049,1e-05,0.01169,1e-05,-34.4658,250.0,14.1276,0.307827,2002dp,45.5139602125777,107.0,107.0,70.32686445959767,35.163432229798836,107.0,0.0
N976A,NGC 976,38.50015860403,20.976747665440005,9776,10.854,0.01312,0.00085,0.01334,0.0,0.01413,0.0,64.7561,250.0,14.267,0.2722,1999dq,7.695661697901984,218.0,218.0,44.37325164504622,22.18662582252311,218.0,0.0
SMC,SMC,13.158333333333331,-72.80027777777778,3085,,,,,,,,,,,,,,22.0,22.0,9486.832980505138,4743.416490252569,22.0,0.0
U9391,UGC 9391,218.65422,59.337826,52091,9.345,0.00747,0.00084,0.00664,2e-05,0.00638,2e-05,-244.618,250.0,13.5413,0.28787,2003du,15.6195237074935,75.0,75.0,49.78760722312682,24.89380361156341,75.0,0.0
