galaxy,ned_name,preferred_z,z_flag,z_refcode,z0,freq_targeted,spectral_range,technique,spatial_mode,spectrograph,features,comments,n_z_points
M 101,MESSIER 101,0.000804,S1L,2023ApJ...955L...8H,0.000804,,,,,,,,51
Mrk 1337,MRK 1337,0.008526,UUN,2004A&A...416..515D,0.008526,,,,,,,,25
NGC 0691,NGC 0691,0.008893,S1L,2005ApJS..160..149S,0.008893,,,,,,,,30
NGC 1015,NGC 1015,0.008769,UUN,2016MNRAS.457.3254M,0.008769,,,,,,,,28
NGC 105,NGC 0105,0.017646,SUN,1992CORV..C...0000F,0.017646,,,,,,,,15
NGC 1309,NGC 1309,0.007125,UUN,2004AJ....128...16K,0.007125,,,,,,,,38
NGC 1365,NGC 1365,0.005457,UUN,2017MNRAS.472.3437G,0.005457,,,,,,,,167
NGC 1448,NGC 1448,0.003896,UUN,2004AJ....128...16K,0.003896,,,,,,,,37
NGC 1559,NGC 1559,0.00435,UUN,2014MNRAS.440..696A,0.00435,,,,,,,,29
NGC 2442,NGC 2442,0.00489,UUN,2024ApJ...964..172B,0.00489,,,,,,,,26
NGC 2525,NGC 2525,0.00527,S1L,2005ApJS..160..149S,0.00527,,,,,,,,20
NGC 2608,NGC 2608,0.007192,S1L,2005ApJS..160..149S,0.007192,,,,,,,,32
NGC 3021,NGC 3021,0.00512,S1L,2005ApJS..160..149S,0.00512,,,,,,,,36
NGC 3147,NGC 3147,0.009346,UUN,2008MNRAS.388..500E,0.009346,,,,,,,,54
NGC 3254,NGC 3254,0.00452,SUN,1996A&AS..115..407R,0.00452,,,,,,,,35
NGC 3370,NGC 3370,0.004273,S1L,2005ApJS..160..149S,0.004273,,,,,,,,46
NGC 3447,NGC 3447,0.003559,SUN,1992CORV..C...0000F,0.003559,,,,,,,,13
NGC 3583,NGC 3583,0.007022,SLS,2016A&A...595A.118V,0.007022,,,,,,,,38
NGC 3972,NGC 3972,0.00281,SLS,2024AJ....168...58D,0.00281,,,,,,,,40
NGC 3982,NGC 3982,0.003741,SLS,2024AJ....168...58D,0.003741,,,,,,,,77
NGC 4038,NGC 4038,0.005417,SUN,1991RC3.9.C...0000d,0.005417,,,,,,,,43
NGC 4424,NGC 4424,0.001458,S1L,2008AJ....136..713K,0.001458,,,,,,,,57
NGC 4536,NGC 4536,0.006031,SUN,1998ApJS..119..277G,0.006031,,,,,,,,58
NGC 4639,NGC 4639,0.003419,SUN,2015MNRAS.451.1004E,0.003419,,,,,,,,49
NGC 4680,NGC 4680,0.008312,SUN,1991RC3.9.C...0000d,0.008312,,,,,,,,18
NGC 5468,NGC 5468,0.00948,UUN,2004AJ....128...16K,0.00948,,,,,,,,29
NGC 5584,NGC 5584,0.005464,S1L,2005ApJS..160..149S,0.005464,,,,,,,,68
NGC 5643,NGC 5643,0.003999,UUN,2016MNRAS.457.3254M,0.003999,,,,,,,,82
NGC 5728,NGC 5728,0.009186,SLS,2022ApJS..261....6K,0.009186,,,,,,,,96
NGC 5861,NGC 5861,0.006174,S1L,2005A&A...430..373T,0.006174,,,,,,,,25
NGC 5917,NGC 5917,0.006384,SUN,2017A&A...599A.104T,0.006384,,,,,,,,13
NGC 7250,NGC 7250,0.003889,SUN,1992ApJS...81....5S,0.003889,,,,,,,,30
NGC 7329,NGC 7329,0.010847,UUN,2004AJ....128...16K,0.010847,,,,,,,,26
NGC 7541,NGC 7541,0.00898,S1L,2005ApJS..160..149S,0.00898,,,,,,,,38
NGC 7678,NGC 7678,0.011638,,2005ApJS..160..149S,0.011638,,,,,,,Retrieved via alias NGC7678,-1
NGC 976,NGC 0976,0.01433,S1L,2005ApJS..160..149S,0.01433,,,,,,,,24
UGC 9391,UGC 09391,0.006352,,2016SDSSD.C...0000:,0.006352,,,,,,,Retrieved via alias UGC9391,-1
NGC 4258,MESSIER 106,0.001538,S1L,2018ApJ...863..149P,0.001538,,,,,,,,97
M 31,MESSIER 031,-0.000991,SUN,2000UZC...C......0F,-0.000991,,,,,,,,51
LMC,Large Magellanic Cloud,0.000927,SUN,1987A&A...171...33R,0.000927,,,,,,,,21
SMC,Small Magellanic Cloud,0.000486,UUN,2018ApJ...860...66M,0.000486,,,,,,,,8
