CID,RA,DEC,zHD,IS_CALIBRATOR,CEPH_DIST
2011fe,210.774,54.2737,0.00122,1,29.177
2011fe,210.774,54.2737,0.00122,1,29.177
2012cg,186.803,9.4203,0.00256,1,30.8433
2012cg,186.803,9.4203,0.00256,1,30.8433
1981B,188.623,2.1998,0.00317,1,30.8338
2013aa,218.141,-44.2244,0.00331,1,30.5454
2013aa,218.141,-44.2244,0.00331,1,30.5454
2017cbv,218.143,-44.1341,0.00331,1,30.5454
2017cbv,218.143,-44.1341,0.00331,1,30.5454
2001el,56.1275,-44.6398,0.00333,1,31.2859
2011by,178.94,55.3256,0.00349,1,31.6336
1998aq,179.108,55.1287,0.00349,1,31.7216
1990N,190.736,13.2565,0.00359,1,31.8115
2021pit,56.1257,-44.6325,0.00384,1,31.2859
2005df,64.4077,-62.7693,0.00407,1,31.4903
2005df_ANU,64.4077,-62.7693,0.00407,1,31.4903
2013dy,334.573,40.5693,0.00432,1,31.6272
2013dy,334.573,40.5693,0.00432,1,31.6272
2012ht,163.345,16.7764,0.00465,1,31.9348
2012ht,163.345,16.7764,0.00465,1,31.9348
2012fr,53.4,-36.1271,0.00483,1,31.3773
2012fr,53.4,-36.1271,0.00483,1,31.3773
2015F,114.066,-69.5064,0.00488,1,31.4489
2015F,114.066,-69.5064,0.00488,1,31.4489
2007sr,180.47,-18.9728,0.00571,1,31.6025
2007sr,180.47,-18.9728,0.00571,1,31.6025
1994ae,161.758,17.2752,0.00588,1,32.1194
2018gv,121.394,-11.4379,0.00602,1,32.0504
2018gv,121.394,-11.4379,0.00602,1,32.0504
2018gv,121.394,-11.4379,0.00602,1,32.0504
2007af,215.588,-0.3938,0.00625,1,31.7708
2007af,215.588,-0.3938,0.00625,1,31.7708
2007af,215.588,-0.3938,0.00625,1,31.7708
2007af,215.588,-0.3938,0.00625,1,31.7708
2019np,157.342,29.5106,0.00648,1,32.3302
2019np,157.342,29.5106,0.00648,1,32.3302
1995al,147.733,33.5526,0.00673,1,32.4626
2017erp,227.312,-11.3342,0.00677,1,32.2221
2017erp,227.312,-11.3342,0.00677,1,32.2221
2017erp,227.312,-11.3342,0.00677,1,32.2221
2005cf,230.384,-7.4132,0.0071,1,32.3624
2005cf,230.384,-7.4132,0.0071,1,32.3624
2005cf,230.384,-7.4132,0.0071,1,32.3624
2002fk,50.5238,-15.4009,0.00719,1,32.5404
2002fk,50.5238,-15.4009,0.00719,1,32.5404
2003du,218.649,59.3344,0.00747,1,32.8472
2003du,218.649,59.3344,0.00747,1,32.8472
2003du,218.649,59.3344,0.00747,1,32.8472
1998dh,348.668,4.5373,0.00814,1,32.4996
1998dh,348.668,4.5373,0.00814,1,32.4996
2009ig,39.5484,-1.3125,0.00815,1,32.5621
2009ig,39.5484,-1.3125,0.00815,1,32.5621
2009ig,39.5484,-1.3125,0.00815,1,32.5621
2001bg,128.829,28.4683,0.00855,1,32.6114
2005W,27.6906,21.7599,0.00855,1,32.8293
ASASSN-15so,168.546,48.3187,0.00857,1,32.8026
1997bp,191.724,-11.6425,0.00864,1,32.5982
2006D,193.141,-9.7752,0.00925,1,32.9183
2006D,193.141,-9.7752,0.00925,1,32.9183
2006D,193.141,-9.7752,0.00925,1,32.9183
1999cp,211.63,-5.4469,0.00954,1,33.1156
1999cp,211.63,-5.4469,0.00954,1,33.1156
2002cr,211.657,-5.4394,0.00954,1,33.1156
2002cr,211.657,-5.4394,0.00954,1,33.1156
2009Y,220.599,-17.2468,0.00996,1,33.0928
2009Y,220.599,-17.2468,0.00996,1,33.0928
2009Y,220.599,-17.2468,0.00996,1,33.0928
2006bh,340.067,-66.4851,0.01028,1,33.245
2021hpr,154.161,73.4005,0.01044,1,33.0131
2002dp,352.127,22.4289,0.01061,1,33.1859
2002dp,352.127,22.4289,0.01061,1,33.1859
1997bq,154.272,73.3839,0.01079,1,33.0131
2008fv_comb,154.239,73.4101,0.01079,1,33.0131
1999dq,38.4987,20.9751,0.01312,1,33.7082
1999dq,38.4987,20.9751,0.01312,1,33.7082
2007A,6.3194,12.8868,0.01682,1,34.526
2007A,6.3194,12.8868,0.01682,1,34.526
