parameter,value,error,source_id
mu_M101,29.159512677897723,0.03875121339977204,M101
mu_M1337,32.91556155810909,0.0821191889374247,M1337
mu_N0691,32.82220038569184,0.08768114814664066,N0691
mu_N1015,32.61774808180638,0.0600767417564431,N1015
mu_N105A,34.49337496345146,0.11935780584766897,N105A
mu_N1309,32.50896360923542,0.05067802797480973,N1309
mu_N1365,31.32541543530435,0.05006324198792215,N1365
mu_N1448,31.295113402826544,0.03572855147078819,N1448
mu_N1559,31.46078272204373,0.05163338183143701,N1559
mu_N2442,31.465229402600542,0.054636699601577736,N2442
mu_N2525,32.01138450158729,0.06065911979759192,N2525
mu_N2608,32.62780095307227,0.11484341674416443,N2608
mu_N3021,32.391578250894156,0.09661890006327878,N3021
mu_N3147,33.09079245164219,0.08548301977595414,N3147
mu_N3254,32.40309755164506,0.05642765645470603,N3254
mu_N3370,32.142496794325965,0.04563473133220236,N3370
mu_N3447,31.944288930942392,0.03333159100221088,N3447
mu_N3583,32.7899012784914,0.06342230580662929,N3583
mu_N3972,31.70720609476234,0.06762383478759923,N3972
mu_N3982,31.638182795384395,0.05613440859270942,N3982
mu_N4038,31.63383340766299,0.08006152127668453,N4038
mu_N4424,30.823886318364686,0.10803518441177573,N4424
mu_N4536,30.835496397778556,0.04797577794205242,N4536
mu_N4639,31.78738500726918,0.07135652837484752,N4639
mu_N4680,32.54680993735715,0.14704425851633618,N4680
mu_N5468,33.18726848481222,0.04850856151230164,N5468
mu_N5584,31.865539486360575,0.045375704532527456,N5584
mu_N5643,30.508408628554633,0.04233846356111993,N5643
mu_N5728,32.91590277778204,0.10319261895982408,N5728
mu_N5861,32.205206817919375,0.07563445755226454,N5861
mu_N5917,32.33689541476585,0.07694249721556273,N5917
mu_N7250,31.605972237460577,0.10331342528675308,N7250
mu_N7329,33.26914458542842,0.07020100718025815,N7329
mu_N7541,32.57968347083725,0.08435557889262166,N7541
mu_N7678,33.26689439729978,0.08320427254186366,N7678
mu_N976A,33.54384445493267,0.08232851525451723,N976A
mu_U9391,32.815990280599635,0.054438886042779376,U9391
mu_N4258,29.38530384950556,0.021796094483767063,N4258
mu_LMC,18.487089914715988,0.019405910220438992,LMC
mu_M31,24.3713744420157,0.06868376896148388,M31
