host,sigma,resid_baseline,resid_tep
M101,28.0,0.018454342721880915,0.018264969447851217
M1337,94.0,-0.04357396853900229,-0.04313929461365943
N0691,108.0,-0.028623286447090404,-0.028482058783340897
N1015,106.5,-0.014045078999892269,-0.013381538048826311
N105A,85.0,0.0587144979975335,0.058777504606177186
N1309,89.0,0.05942338248862924,0.059612752467268625
N1365,151.0,-0.047390579307275194,-0.047836544992258014
N1448,95.0,-0.0757838313134566,-0.07576770840873247
N1559,73.0,0.031723342095076976,0.03145797935855591
N2442,144.0,0.004776591019323926,0.0035838521875250816
N2525,82.0,0.03148177203966781,0.03129612646323114
N2608,87.0,0.12856113619818574,0.12871438001726054
N3021,55.7,0.09150624846185702,0.08991948829093091
N3147,238.0,0.14031746754678293,0.13996042395979943
N3254,117.8,-0.04707102714131043,-0.045965047539476306
N3370,85.0,0.13813248625448343,0.13816618595553612
N3447,55.0,0.056609388285272,0.056450097167335504
N3583,108.0,-0.0354919853540828,-0.03478435181555122
N3972,78.0,0.02104636129474656,0.01945859525772135
N3982,87.3,0.040250473520311116,0.03881627112641928
N4038,107.0,-0.05141842275256038,-0.050187931483262366
N4424,65.0,-0.007732898018506518,-0.008093540105122088
N4536,103.7,-0.037272625927595684,-0.03718019023570645
N4639,96.2,-0.13144578003347912,-0.13119298586359826
N4680,103.0,0.019035321550492146,0.019965500061658314
N5468,68.0,-0.10820106536489078,-0.10919271489071031
N5584,98.0,0.03405350678912502,0.03440653019449934
N5643,107.0,0.0124273788615327,0.013127608442473708
N5728,176.0,0.16955574932621384,0.17830774805568786
N5861,112.0,-0.01850564491999116,-0.017576640924163153
N5917,54.0,-0.04262972191561478,-0.043712243700387385
N7250,52.0,0.04571706966125433,0.04514877709551999
N7329,124.0,0.04052000273282591,0.0437287773987009
N7541,64.4,-0.07337746256562845,-0.07427870032822947
N7678,107.0,0.0037982863371514635,0.005338190037358359
N976A,218.0,0.2831783746626284,0.2934228005036143
U9391,75.0,0.0036836198602458025,0.003486888393113446
N4258,115.0,0.046069652591557056,0.046194447467476994
LMC,24.0,0.0028916550033268756,0.002900334669531553
M31,160.0,0.025599828966540852,0.025636968381409664
