sigma_kms,S,Delta_mu_mag,Delta_H0_approx_kms_mpc
50,0.1,-0.002762728866354963,0.08905985625114589
50,0.3,-0.0007334004855454124,0.023642038352960464
50,0.5,0.0012959278952641383,-0.041775779545224954
50,0.7,0.003325256276073689,-0.10719359744341037
50,0.9,0.0053545846568832395,-0.1726114153415958
50,1.0,0.006369248847288015,-0.20532032429068853
75,0.1,-0.001494398628348994,0.048173720064780004
75,0.3,0.003071590228472495,-0.09901637020613721
75,0.5,0.007637579085293984,-0.2462064604770544
75,0.7,0.012203567942115471,-0.39339655074797153
75,0.9,0.016769556798936963,-0.5405866410188888
75,1.0,0.019052551227347708,-0.6141816861543474
100,0.1,0.0002812637048593629,-0.009066870596132244
100,0.3,0.008398577228097566,-0.27073814218887393
100,0.5,0.01651589075133577,-0.5324094137816158
100,0.7,0.02463320427457397,-0.7940806853743573
100,0.9,0.03275051779781217,-1.0557519569670988
100,1.0,0.03680917455943127,-1.18658759276347
125,0.1,0.0025642581332701074,-0.08266191573159085
125,0.3,0.0152475605133298,-0.49152327759524983
125,0.5,0.02793086289338949,-0.9003846394589086
125,0.7,0.04061416527344918,-1.3092460013225675
125,0.9,0.05329746765350887,-1.7181073631862263
125,1.0,0.059639118843538716,-1.9225380441180555
150,0.1,0.0053545846568832395,-0.1726114153415958
150,0.3,0.023618540084169196,-0.7613717764252647
150,0.5,0.04188249551145515,-1.350132137508933
150,0.7,0.0601464509387411,-1.9388924985926022
150,0.9,0.07841040636602707,-2.5276528596762713
150,1.0,0.08754238407967005,-2.822033040218106
175,0.1,0.00865224327569876,-0.2789153694261471
175,0.3,0.03351151594061575,-1.0802836386789183
175,0.5,0.05837078860553275,-1.8816519079316898
175,0.7,0.08323006127044975,-2.6830201771844617
175,0.9,0.10808933393536674,-3.484388446437233
175,1.0,0.12051897026782525,-3.885072581063619
200,0.1,0.012457233989716668,-0.4015737779852448
200,0.3,0.044926488082669476,-1.4482588643562115
200,0.5,0.0773957421756223,-2.494943950727179
200,0.7,0.1098649962685751,-3.541629037098145
200,0.9,0.14233425036152791,-4.588314123469112
200,1.0,0.1585688774080043,-5.111656666654595
225,0.1,0.016769556798936963,-0.5405866410188888
225,0.3,0.057863456510330355,-1.8652974534571434
225,0.5,0.09895735622172377,-3.1900082658953988
225,0.7,0.14005125593311715,-4.514719078333653
225,0.9,0.18114515564451053,-5.839429890771907
225,1.0,0.20169210550020727,-6.501785296991036
250,0.1,0.021589211703359645,-0.6959539585270792
250,0.3,0.07232242122359842,-2.3313994059817147
250,0.5,0.12305563074383719,-3.96684485343635
250,0.7,0.17378884026407593,-5.602290300890986
250,0.9,0.2245220497843147,-7.237735748345621
250,1.0,0.2498886545444341,-8.055458472072939
