host,sigma,z_hd,z_cmb,is_anchor,mu_full,mu_full_err,h0_host,h0_global,n_ceph_rows,n_sn_rows,mean_period_term,median_period_term,mean_period_contrib,mean_Z_term,median_Z_term,mean_Z_contrib,frac_logP_gt_1.5,mean_PL_residual,std_PL_residual
M101,193.817969,0.00122,0.00122,False,29.15951275954229,0.0387512133997722,53.861442664509056,73.04342157542906,259,2,0.16847237391505793,0.175569,-0.555708487892599,0.09813633513513513,0.10189,-0.021251000967708603,0.0,0.019574559276883955,0.3588209217365347
M1337,86.337738,0.00925,0.00966,False,32.91556166466235,0.08211918893742484,72.41859632733271,73.04342157542906,15,3,0.7026080666666665,0.700857,-2.3175625607634296,-0.184978,-0.19048,0.04005618970376062,0.0,-0.0506895743259219,0.5536305940432905
N0691,141.84562,0.00855,0.00861,False,32.82220030907799,0.08768114814664062,69.87901197676837,73.04342157542906,28,1,0.6438759285714285,0.6331545000000001,-2.1238337796395896,0.0898263,0.0966704,-0.019451498627874198,0.0,-0.030813359152818163,0.41223584921131123
N1015,85.347788,0.00815,0.00801,False,32.61774817616801,0.06007674175644314,73.18611208177352,73.04342157542906,18,3,0.6859653888888888,0.7173205,-2.262666454728647,-0.026104643333333337,-0.0381146,0.005652848152261404,0.0,-0.013911072537086098,0.2992951650483667
N105A,166.099383,0.01682,0.01646,False,34.49337515060871,0.11935780584766903,63.67539742632137,73.04342157542906,8,2,0.60526425,0.5668415,-1.9964726164096942,-0.12865739999999998,-0.14353,0.027860206193128977,0.0,0.07088714555127673,0.7172726815594995
N1309,114.622009,0.00719,0.00668,False,32.508963632990664,0.050678027974809844,67.8823497011697,73.04342157542906,53,2,0.7208576037735849,0.708395,-2.3777589148288074,-0.0802210920754717,-0.0837496,0.017371532195276967,0.0,0.06344179596364863,0.4278945864053878
N1365,140.219275,0.00483,0.0046,False,31.32541565768381,0.050063241987922294,78.64746017031455,73.04342157542906,46,2,0.4456919565217391,0.4402925,-1.470121168646111,-0.14020917217391302,-0.122005,0.03036169273538203,0.0,-0.04195031756878581,0.4065335322855683
N1448,130.885465,0.00333,0.00357,False,31.295113708429728,0.03572855147078836,54.984742399385524,73.04342157542906,73,2,0.49102632876712327,0.446157,-1.6196572312337056,-0.11260487589041096,-0.10962,0.024384101191680756,0.0,-0.07678572669085407,0.35243090134037325
N1559,94.964441,0.00407,0.00435,False,31.46078281272052,0.051633381831437127,62.26708710384415,73.04342157542906,110,2,0.48591557272727287,0.485808,-1.6027993307667407,0.003140314909090909,0.008695419999999999,-0.0006800216767836893,0.0,0.03352528930279187,0.46908898981187286
N2442,160.301107,0.00488,0.00515,False,31.46522935964865,0.05463669960157788,74.50658413884493,73.04342157542906,177,2,0.528929581920904,0.512404,-1.7446816432890475,0.0022052437288135602,0.0238004,-0.0004775360374984295,0.0,0.004580058728665102,0.44680620289719475
N2525,89.66114,0.00602,0.00596,False,32.011384827452474,0.060659119797592004,71.47270659744856,73.04342157542906,73,3,0.5790896027397261,0.556348,-1.9101351753675049,0.09724243287671232,0.0965104,-0.021057430281248575,0.0,0.03402838331778549,0.4860375438470344
N2608,73.751237,0.00855,0.00796,False,32.627800956099335,0.11484341674416437,76.42344774641498,73.04342157542906,22,1,0.6310198636363636,0.6443995,-2.0814278691671935,0.11128103727272727,0.111885,-0.02409742963718724,0.0,0.13130945592119678,0.5794554198851274
N3021,96.661497,0.00673,0.00592,False,32.39157805642068,0.09661890006327893,67.06874129856702,73.04342157542906,16,1,0.4903828125,0.5086115,-1.6175345838023962,0.0552085,0.057235400000000006,-0.011955163042416226,0.0,0.09876782636755954,0.3096149454091808
N3147,236.597929,0.01079,0.00993,False,33.09079227028217,0.0854830197759542,77.92623494842279,73.04342157542906,27,3,0.694968925925926,0.689486,-2.2923647479043545,0.17456111111111114,0.17421,-0.037800457252029455,0.0,0.1527112467435618,0.4165959992749351
N3254,146.936789,0.00648,0.0055,False,32.40309766953864,0.056427656454706175,64.23565765990965,73.04342157542906,48,2,0.5787215208333333,0.5364435000000001,-1.908921052037556,-0.17764447416666665,-0.197625,0.03846814625006652,0.0,-0.05116987780772505,0.4863573841301306
N3370,105.641753,0.00588,0.0054,False,32.14249684857286,0.04563473133220256,65.72016714366615,73.04342157542906,73,1,0.5991419863013699,0.56007,-1.9762782437455986,-0.11890585616438355,-0.12544,0.02574855134885566,0.0,0.13937536675360765,0.4690473222858165
N3447,32.880465,0.00465,0.00465,False,31.94428916380836,0.03333159100221106,56.93978501348329,73.04342157542906,101,2,0.5225788415841583,0.508759,-1.7237336372301386,-0.15900403564356438,-0.15059,0.03443163952146812,0.0,0.05685690301205127,0.29285120046485513
N3583,128.26917,0.00857,0.00773,False,32.78990137875967,0.06342230580662941,71.09208461145003,73.04342157542906,54,1,0.5779838888888889,0.558954,-1.906487962724793,-0.06026452333333334,-0.0558796,0.013050023132733124,0.0,-0.03563068285381778,0.381135518185959
N3972,77.781746,0.00349,0.00369,False,31.707206067686002,0.0676238347875993,47.665583777377,73.04342157542906,52,1,0.47012796153846154,0.4738255,-1.550723673866495,0.031047325769230773,0.035480399999999995,-0.0067231647590889915,0.0,0.019649310729159437,0.41482939906405186
N3982,138.310086,0.00349,0.00369,False,31.638182951952896,0.0561344085927095,49.20503436958036,73.04342157542906,27,1,0.43276077777777777,0.397388,-1.427467494221729,-0.13924354,-0.12326,0.030152589244467887,0.0,0.04667767230112324,0.45947531119007173
N4038,119.571757,0.00571,0.0066,False,31.633833444421157,0.0800615212766846,80.66592575111794,73.04342157542906,29,2,0.6948290689655172,0.640898,-2.2919034277591943,0.02624419517241379,0.0376304,-0.005683067502344741,0.0,-0.0568655976989522,0.4520658922654831
N4424,20.223254,0.00256,0.00256,False,30.82388654672742,0.1080351844117758,52.51499867877444,73.04342157542906,9,2,0.48377488888888887,0.471451,-1.5957382551064418,0.05789706888888889,0.0623404,-0.012537361062964412,0.0,0.009212566496523146,0.7089705458344787
N4536,110.096526,0.00317,0.0035,False,30.835496704011774,0.04797577794205255,64.68158064240718,73.04342157542906,40,1,0.5000298,0.489325,-1.6493553073534677,-0.15100965,-0.150095,0.03270048972039105,0.0,-0.03741450043527319,0.3437003349660791
N4639,117.309015,0.00359,0.00462,False,31.7873849001826,0.07135652837484763,47.25395588014762,73.04342157542906,30,1,0.5614331,0.5397045,-1.8518949534785933,-0.009775691333333333,-0.00157458,0.0021168838809664317,0.0,-0.133144444641551,0.3497185462853864
N4680,66.821591,0.00864,0.00931,False,32.54680985917826,0.14704425851633615,80.1627253083251,73.04342157542906,11,1,0.7221009090909091,0.753397,-2.3818599748532083,-0.0645897090909091,-0.0696096,0.013986623491745865,0.0,0.03175769630844336,0.484489640386821
N5468,106.702413,0.00954,0.00998,False,33.18726859873989,0.04850856151230176,65.90454376217596,73.04342157542906,93,4,0.7206786344086021,0.70569,-2.377168581868675,-0.10176776279569892,-0.10161,0.022037370996939257,0.0,-0.11296801267741888,0.4628255674372053
N5584,88.176216,0.00625,0.00635,False,31.86553960658751,0.045375704532527594,79.35838096576427,73.04342157542906,165,4,0.5240880848484848,0.495746,-1.728711897302047,-0.10074343127272727,-0.0993896,0.02181555641464463,0.0,0.030246089940285194,0.4443243490656473
N5643,121.056681,0.00331,0.00478,False,30.508408704265005,0.04233846356111999,78.51758906861592,73.04342157542906,251,4,0.457834187250996,0.433774,-1.510172486980359,0.13347756175298806,0.13289,-0.02890399147343529,0.0,0.013035937024644392,0.42456107349048827
N5728,158.674762,0.00996,0.0105,False,32.91590301173811,0.1031926189598241,77.96495615698474,73.04342157542906,20,3,0.6351567499999999,0.637656,-2.0950734468503276,0.14817604000000004,0.156675,-0.032086883671528635,0.0,0.21728970472717055,0.5689436803819506
N5861,112.076425,0.00677,0.00727,False,32.205206770662684,0.07563445755226456,73.51365528047009,73.04342157542906,41,3,0.6182101219512195,0.606776,-2.0391747565842646,0.05695632341463415,0.0769704,-0.01233364667974207,0.0,-0.01932500584549744,0.5003720748710779
N5917,65.478088,0.0071,0.00703,False,32.33689541549484,0.07694249721556287,72.56045018586273,73.04342157542906,14,3,0.5651572142857142,0.563898,-1.8641789966742857,-0.30345285714285714,-0.30006,0.06571141006964319,0.0,-0.0506225858039124,0.5372296446251679
N7250,50.275292,0.00432,0.00293,False,31.605972319327666,0.10331342528675315,61.817293375022,73.04342157542906,21,2,0.5135362857142858,0.459135,-1.6939066398871505,-0.2803195238095238,-0.27786,0.06070198630854548,0.0,0.056697101146744006,0.5401537376219462
N7329,177.413091,0.01028,0.01042,False,33.26914474281509,0.07020100718025826,68.38878199689219,73.04342157542906,31,1,0.7258794838709677,0.712671,-2.394323656753211,0.16640389677419354,0.18786,-0.036034047598266276,0.0,0.04138341199594315,0.6448149283842709
N7541,146.936789,0.00814,0.00769,False,32.57968336537838,0.08435557889262167,74.38895103735618,73.04342157542906,33,2,0.6696193636363637,0.690493,-2.208748861208448,-0.11924317454545455,-0.1376,0.025821596192365404,0.0,-0.08335280532796348,0.43245615439982565
N7678,141.987042,0.01061,0.01049,False,33.26689447316785,0.08320427254186376,70.65732510479752,73.04342157542906,16,2,0.6151503125,0.6137805000000001,-2.0290819322008793,0.020712275,0.0261904,-0.004485153999915982,0.0,-0.005290001023633639,0.46622482141294297
N976A,286.378246,0.01312,0.01334,False,33.543844370061564,0.08232851525451729,76.91050517383351,73.04342157542906,33,2,0.5960851515151515,0.591653,-1.9661952313364346,0.02499949333333333,0.0305704,-0.00541353267663127,0.0,0.30279193141007776,0.5718069468926279
U9391,53.527983,0.00747,0.00664,False,32.81599053715891,0.0544388860427795,61.227030580294226,73.04342157542906,33,3,0.5749075454545453,0.52505,-1.8963406007662131,-0.2211690909090909,-0.21608,0.04789321466370501,0.0,0.007481356099143731,0.37719676105120137
N4258,115.0,,,True,29.385303679614708,0.021796094483767195,,73.04342157542906,443,0,0.06292335982167042,0.00125813,-0.20755358476311628,-0.10387566139954853,-0.0857996,0.02249382736662696,0.0,0.04614498742723712,0.44160144652465433
LMC,24.0,,,True,18.487090215640777,0.0194059102204393,,73.04342157542906,482,0,0.0031629721307053936,-0.0619153,-0.010433107928347568,-0.4116390041493776,-0.29,0.08913865454094314,0.0,0.002918588344912152,0.10383262464684842
M31,160.0,,,True,24.371374398039794,0.06868376896148394,,73.04342157542906,55,0,0.21413271581818186,0.186843,-0.7063197659674083,-0.11185427254545455,-0.122,0.024221561268133893,0.0,0.025599828966540852,0.12841607636691793
