sigma_ref,h0_refit_kappa,h0_refit_err,h0_fixed_kappa,h0_fixed_err
30.0,64.73224966535174,1.531467866850315,64.73224966535174,1.531467866850315
35.26315789473684,64.82910235553769,1.533759256128527,64.82910235553769,1.533759256128527
40.526315789473685,64.94175831755578,1.53642452709828,64.94175831755578,1.53642452709828
45.78947368421053,65.07029939949534,1.5394656161625146,65.07029939949534,1.5394656161625146
51.05263157894737,65.21481910562082,1.5428847354917827,65.21481910562082,1.5428847354917827
56.31578947368421,65.37542270974245,1.546684375706425,65.37542270974245,1.546684375706425
61.578947368421055,65.55222738303345,1.5508673089005245,65.55222738303345,1.5508673089005245
66.84210526315789,65.74536233651138,1.555436592012826,65.74536233651138,1.555436592012826
72.10526315789474,65.95496897842636,1.5603955705502752,65.95496897842636,1.5603955705502752
77.36842105263159,66.18120108682454,1.565747882670628,66.18120108682454,1.565747882670628
82.63157894736842,66.42422499758091,1.5714974636310244,66.42422499758091,1.5714974636310244
87.89473684210526,66.68421980822481,1.5776485506101965,66.68421980822481,1.5776485506101965
93.15789473684211,66.96137759790632,1.5842056879125292,66.96137759790632,1.5842056879125292
98.42105263157896,67.2559036638825,1.5911737325629804,67.2559036638825,1.5911737325629804
103.6842105263158,67.5680167749312,1.5985578603024746,67.5680167749312,1.5985578603024746
108.94736842105263,67.89794944212962,1.6063635719941085,67.89794944212962,1.6063635719941085
114.21052631578948,68.24594820746755,1.614596700451311,68.24594820746755,1.614596700451311
119.47368421052633,68.61227395079608,1.6232634176997915,68.61227395079608,1.6232634176997915
124.73684210526316,68.99720221564722,1.6323702426859399,68.99720221564722,1.6323702426859399
130.0,69.40102355449314,1.6419240494451397,69.40102355449314,1.6419240494451397
