dataset,model,shape_params,amplitude,amplitude_err,amplitude_sig,lrt_sig,delta_2logL_vs_null,H_app,logL,AIC,BIC,sigma_int_v,chi2,n_hosts,optimizer_status,optimizer_message,uncertainty_method,cv_mse,shape_best
all_z_hd_sv150,linear_X,0,12229231.298357064,8394896.791449089,1.4567458781403446,1.4498594644592853,2.1020924666821657,68.83661738565318,-219.3088967750526,444.6177935501052,449.45054728803785,146.3512274710928,37.74373039017789,37,converged,CONVERGENCE: REL_REDUCTION_OF_F_<=_FACTR*EPSMCH,analytic_hessian,64361.64462687791,
all_z_hd_sv150,unscreened_X,0,11751509.132140184,5511183.064796287,2.132302446493775,2.117574531269281,4.484121895480314,68.73320094876541,-218.1178820714036,442.2357641428072,447.0685178807399,137.46402519744456,37.2829056368388,37,converged,CONVERGENCE: REL_REDUCTION_OF_F_<=_FACTR*EPSMCH,analytic_hessian,56077.3501831436,
all_z_hd_sv150,log_sigma,0,5.634419971820887,2.4080089444561796,2.339866712203328,2.22692502029429,4.959195046012724,68.36948075296527,-217.88034548905875,441.7606909781175,446.59344471605016,129.43156750284462,38.51393267636616,37,converged,CONVERGENCE: NORM_OF_PROJECTED_GRADIENT_<=_PGTOL,analytic_hessian,62067.673250324005,
all_z_hd_sv150,sigma_grad,0,9649.327556334818,7577.228650703089,1.2734639537952255,1.2539432503666863,1.5723736751401702,68.85001510615021,-219.57375617977564,445.1475123595513,449.98026609748393,147.28434122696635,38.06982821363182,37,converged,CONVERGENCE: NORM_OF_PROJECTED_GRADIENT_<=_PGTOL,analytic_hessian,69175.15876554312,
all_z_hd_sv150,screening_S,0,1.163877775858954,4.826825932687588,0.24112694182259523,0.24052430406777137,0.05785194084728573,69.21110110944288,-220.33101704329806,446.6620340865961,451.49478782452877,157.21286481884718,37.447474433695554,37,converged,CONVERGENCE: REL_REDUCTION_OF_F_<=_FACTR*EPSMCH,analytic_hessian,71035.05524624647,
all_z_hd_sv150,nested_lin,0,-1783394.882150681,1056415.8252739282,1.6881561592361107,-1.636551787521979,2.678301753241385,68.67175350082375,-219.0207921490071,444.0415842980142,448.87433803594683,145.20123026547907,37.44950793177497,37,converged,CONVERGENCE: NORM_OF_PROJECTED_GRADIENT_<=_PGTOL,analytic_hessian,62541.65379089346,
all_z_hd_sv150,step_sigma,1,10.586567571957067,,,,,68.94985898976307,-217.48022294843605,442.9604458968721,449.404117547449,130.2368211485376,37.54231566480733,37,converged,CONVERGENCE: REL_REDUCTION_OF_F_<=_FACTR*EPSMCH,not_computed,54459.70445658474,{'sigma_c': 55.0}
all_z_hd_sv150,tanh_sigma,2,8.072253252652745,,,,,68.76275587425229,-217.61680959990434,445.2336191998087,453.2882087630298,131.1715117712987,37.626502527495255,37,converged,CONVERGENCE: NORM_OF_PROJECTED_GRADIENT_<=_PGTOL,not_computed,54943.23170169783,"{'sigma_t': 50.0, 'w': 10.0}"
all_z_hd_sv150,sA_sigma,1,39.40127099544753,,,,,68.68262900505498,-217.5557925679903,443.1115851359806,449.5552567865575,130.8374900925875,37.576425772419036,37,converged,CONVERGENCE: NORM_OF_PROJECTED_GRADIENT_<=_PGTOL,not_computed,54956.6552546056,{'sigma_T': 65.0}
all_z_hd_sv150,sA_nested,1,49.28289838727515,,,,,69.11789610044055,-219.02158893396003,446.04317786792006,452.48684951849697,144.8666026819908,37.489948992189994,37,converged,CONVERGENCE: NORM_OF_PROJECTED_GRADIENT_<=_PGTOL,not_computed,100591.02951238203,{'sigma_T': 55.0}
all_z_hd_sv250,linear_X,0,11563516.711891284,9578839.893365066,1.2071938606992414,1.219759102402025,1.4878122678925934,68.83635842919067,-220.14219861643645,446.2843972328729,451.11715097080554,0.01,27.738874455885483,37,converged,CONVERGENCE: NORM_OF_PROJECTED_GRADIENT_<=_PGTOL,analytic_hessian_conditional_on_active_bounds,65253.33037285303,
all_z_hd_sv250,unscreened_X,0,11450028.48158362,6429819.182846612,1.780769902850434,1.8103574373279838,3.277394050888745,68.71641712181695,-219.24740772491415,444.4948154498283,449.32756918776096,0.01,25.951120917814034,37,converged,CONVERGENCE: NORM_OF_PROJECTED_GRADIENT_<=_PGTOL,analytic_hessian_conditional_on_active_bounds,56198.886828453564,
all_z_hd_sv250,log_sigma,0,5.314291749287648,2.935071572828177,1.8106174304181963,1.8123725142856766,3.2846941305381847,68.37377982431421,-219.24375768511672,444.48751537023344,449.3202691081661,0.01,25.935448517274985,37,converged,CONVERGENCE: NORM_OF_PROJECTED_GRADIENT_<=_PGTOL,analytic_hessian_conditional_on_active_bounds,62607.540768086394,
all_z_hd_sv250,sigma_grad,0,8797.294498181542,8678.49998563727,1.0136883692735925,1.0170044994610494,1.0342981519240197,68.86651122692751,-220.36895567439538,446.73791134879076,451.5706650867234,0.01,28.191903388653973,37,converged,CONVERGENCE: NORM_OF_PROJECTED_GRADIENT_<=_PGTOL,analytic_hessian_conditional_on_active_bounds,69555.05296112606,
all_z_hd_sv250,screening_S,0,0.9030869111942047,5.470878651383021,0.1650716399944106,0.1649599720004207,0.027211792362379583,69.2333387541496,-220.87249885417614,447.7449977083523,452.57775144628494,0.01,29.218779542148468,37,converged,CONVERGENCE: NORM_OF_PROJECTED_GRADIENT_<=_PGTOL,analytic_hessian_conditional_on_active_bounds,71132.23685515251,
all_z_hd_sv250,nested_lin,0,-1790033.682365409,1260068.697044798,1.4205842003404436,-1.409376510709923,1.986342148940878,68.6830975035684,-219.8929336758934,445.7858673517868,450.61862108971945,0.01,27.26380592989326,37,converged,CONVERGENCE: REL_REDUCTION_OF_F_<=_FACTR*EPSMCH,analytic_hessian_conditional_on_active_bounds,62789.71467455474,
all_z_hd_sv250,step_sigma,1,10.56465192928745,,,,,68.94861417322586,-218.85086697659702,445.70173395319404,452.14540560377094,0.01,25.149263561063528,37,converged,CONVERGENCE: REL_REDUCTION_OF_F_<=_FACTR*EPSMCH,not_computed,54764.41215771644,{'sigma_c': 55.0}
all_z_hd_sv250,tanh_sigma,2,8.075003419545194,,,,,68.76197203767198,-218.94905513432334,447.8981102686467,455.9526998318678,0.01,25.352822949639148,37,converged,CONVERGENCE: REL_REDUCTION_OF_F_<=_FACTR*EPSMCH,not_computed,55237.54441983944,"{'sigma_t': 50.0, 'w': 10.0}"
all_z_hd_sv250,sA_sigma,1,39.51982256996064,,,,,68.68156265590527,-218.90166501355685,445.8033300271137,452.2470016776906,0.01,25.25838375455416,37,converged,CONVERGENCE: NORM_OF_PROJECTED_GRADIENT_<=_PGTOL,not_computed,55264.77103448631,{'sigma_T': 65.0}
all_z_hd_sv250,sA_nested,1,49.456473077855655,,,,,69.12302651286292,-219.9018165790487,447.8036331580974,454.2473048086743,0.01,27.257624993697004,37,converged,CONVERGENCE: NORM_OF_PROJECTED_GRADIENT_<=_PGTOL,not_computed,100287.58990757097,{'sigma_T': 55.0}
all_z_hd_sv500,linear_X,0,9466284.577010544,17506093.35844363,0.5407422651750408,0.5421069508321932,0.2938799461405779,68.70555573198166,-234.3821112575063,474.7642225150126,479.59697625294524,0.010000028856048431,7.763530200157854,37,converged,CONVERGENCE: REL_REDUCTION_OF_F_<=_FACTR*EPSMCH,analytic_hessian_conditional_on_active_bounds,68918.21476309336,
all_z_hd_sv500,unscreened_X,0,10786720.850431446,11794653.437640045,0.9145432638154501,0.9187336790123243,0.8440715729515205,68.5309692736938,-234.10701544415525,474.2140308883105,479.04678462624315,0.01,7.2137482308762415,37,converged,CONVERGENCE: NORM_OF_PROJECTED_GRADIENT_<=_PGTOL,analytic_hessian_conditional_on_active_bounds,56965.37436737168,
all_z_hd_sv500,log_sigma,0,4.463559389854023,5.541498237488619,0.8054788070954774,0.8059637913217349,0.6495776329217051,68.25613067740898,-234.20426241414225,474.4085248282845,479.24127856621715,0.01,7.405289940280499,37,converged,CONVERGENCE: NORM_OF_PROJECTED_GRADIENT_<=_PGTOL,analytic_hessian_conditional_on_active_bounds,64348.134787297706,
all_z_hd_sv500,sigma_grad,0,5948.54878726761,15953.592219419827,0.37286579131856096,0.3731895862456345,0.13927046728218784,68.80577227818351,-234.45941599695695,474.9188319939139,479.75158573184655,0.01,7.918846964123988,37,converged,CONVERGENCE: NORM_OF_PROJECTED_GRADIENT_<=_PGTOL,analytic_hessian_conditional_on_active_bounds,71289.92118292782,
all_z_hd_sv500,screening_S,0,-0.13381369513467156,10.516188494372331,0.012724543232206334,-0.01270394290436018,0.00016139016531724337,69.17481100659539,-234.5289705356161,475.0579410712322,479.89069480916487,0.01,8.06334001147369,37,converged,CONVERGENCE: REL_REDUCTION_OF_F_<=_FACTR*EPSMCH,analytic_hessian_conditional_on_active_bounds,71533.90903739055,
all_z_hd_sv500,nested_lin,0,-1792903.0397365608,2502574.635568636,0.7164234042231379,-0.7150258697200064,0.5112619943688514,68.55876387703853,-234.273420233379,474.546840466758,479.37959420469065,0.01,7.552131604940627,37,converged,CONVERGENCE: NORM_OF_PROJECTED_GRADIENT_<=_PGTOL,analytic_hessian_conditional_on_active_bounds,63537.6923766074,
all_z_hd_sv500,step_sigma,1,10.345689608224752,,,,,68.77722694219274,-234.01958946861853,476.03917893723707,482.48285058781397,0.01,7.035430673072723,37,converged,CONVERGENCE: NORM_OF_PROJECTED_GRADIENT_<=_PGTOL,not_computed,55532.4433379289,{'sigma_c': 55.0}
all_z_hd_sv500,tanh_sigma,2,7.9330295833978886,,,,,68.59751816488715,-234.0474873034595,478.094974606919,486.1495641701401,0.01,7.093461347542453,37,converged,CONVERGENCE: NORM_OF_PROJECTED_GRADIENT_<=_PGTOL,not_computed,55947.28657781149,"{'sigma_t': 50.0, 'w': 10.0}"
all_z_hd_sv500,sA_sigma,1,39.09381128413961,,,,,68.51804680978732,-234.0301073199732,476.0602146399464,482.5038862905233,0.01,7.058674632906813,37,converged,CONVERGENCE: NORM_OF_PROJECTED_GRADIENT_<=_PGTOL,not_computed,55999.744730853425,{'sigma_T': 65.0}
all_z_hd_sv500,sA_nested,1,49.10711183740039,,,,,68.98102516065292,-234.28342803886946,476.5668560777389,483.0105277283158,0.01,7.565911737625507,37,converged,CONVERGENCE: REL_REDUCTION_OF_F_<=_FACTR*EPSMCH,not_computed,98909.83905829587,{'sigma_T': 55.0}
hf_z035_sv150,linear_X,0,11509651.048025094,8621230.329333615,1.3350357905255898,1.328174118767303,1.7640464897633024,68.99328781355372,-202.50447844159874,411.00895688319747,415.58803845704597,155.125443761887,34.51700146905971,34,converged,CONVERGENCE: REL_REDUCTION_OF_F_<=_FACTR*EPSMCH,analytic_hessian,68749.84965187601,
hf_z035_sv150,unscreened_X,0,11304188.922922429,5650870.226434433,2.0004332907951254,1.9848936727670146,3.939802892190528,68.8997095387142,-201.41660023909117,408.83320047818233,413.41228205203083,146.2662446889433,34.09553831806537,34,converged,CONVERGENCE: REL_REDUCTION_OF_F_<=_FACTR*EPSMCH,analytic_hessian,59356.15289917466,
hf_z035_sv150,log_sigma,0,5.582371101063857,2.911283789151856,1.9174946536868427,1.8484170796382595,3.4166457002984316,68.75601991131508,-201.67817884628857,409.35635769257715,413.93543926642565,143.30034554649248,35.18408276143684,34,converged,CONVERGENCE: NORM_OF_PROJECTED_GRADIENT_<=_PGTOL,analytic_hessian,68846.04523249413,
hf_z035_sv150,sigma_grad,0,8461.876474678904,7891.183013995113,1.0723203934912748,1.058504312299039,1.1204313791556615,69.05894274689173,-202.8262860174928,411.6525720349856,416.2316536088341,157.22007594100342,34.7449194846635,34,converged,CONVERGENCE: NORM_OF_PROJECTED_GRADIENT_<=_PGTOL,analytic_hessian,73584.64372499203,
hf_z035_sv150,screening_S,0,-0.16998209143994944,5.113691927904695,0.033240581137158685,-0.03328757990540918,0.001108062975959001,69.4406241827631,-203.3859487913451,412.7718975826902,417.3509791565387,166.04350384297572,34.135640486629484,34,converged,CONVERGENCE: REL_REDUCTION_OF_F_<=_FACTR*EPSMCH,analytic_hessian,74526.17967572923,
hf_z035_sv150,nested_lin,0,-3597385.9989020186,2539069.4139174004,1.416812781558341,-1.3909789138731787,1.9348223388398083,69.12597078690047,-202.41909052804215,410.8381810560843,415.4172626299328,155.99162379419084,34.18683258783923,34,converged,CONVERGENCE: NORM_OF_PROJECTED_GRADIENT_<=_PGTOL,analytic_hessian,71225.22283469765,
hf_z035_sv150,step_sigma,1,10.01231873485473,,,,,69.28438693050036,-201.15753440101437,410.31506880202875,416.4205109004934,142.53001886752085,34.29927781915552,34,converged,CONVERGENCE: NORM_OF_PROJECTED_GRADIENT_<=_PGTOL,not_computed,58344.06857702573,{'sigma_c': 55.0}
hf_z035_sv150,tanh_sigma,2,7.925974017612184,,,,,69.20790521405485,-201.41483919585687,412.82967839171374,420.4614810147946,144.90012009077546,34.35253891283819,34,converged,CONVERGENCE: NORM_OF_PROJECTED_GRADIENT_<=_PGTOL,not_computed,59913.606609366776,"{'sigma_t': 50.0, 'w': 10.0}"
hf_z035_sv150,sA_sigma,1,43.810373660907764,,,,,69.21911928694844,-201.31121070247534,410.62242140495067,416.72786350341534,144.10915064257912,34.29493248646142,34,converged,CONVERGENCE: REL_REDUCTION_OF_F_<=_FACTR*EPSMCH,not_computed,61244.89351023996,{'sigma_T': 65.0}
hf_z035_sv150,sA_nested,1,50.06808943014985,,,,,69.24949523544035,-202.07232223993944,412.1446444798789,418.25008657834354,151.88348126645036,34.29366409868828,34,converged,CONVERGENCE: NORM_OF_PROJECTED_GRADIENT_<=_PGTOL,not_computed,111040.01519374471,{'sigma_T': 55.0}
hf_z035_sv250,linear_X,0,10956822.363437684,9628136.595889973,1.13800030299891,1.149233034053959,1.3207365665608677,68.9897539958963,-203.04515435468926,412.0903087093785,416.669390283227,0.01,26.707047685421966,34,converged,CONVERGENCE: NORM_OF_PROJECTED_GRADIENT_<=_PGTOL,analytic_hessian_conditional_on_active_bounds,69608.6502586595,
hf_z035_sv250,unscreened_X,0,11056403.222572614,6456070.595829101,1.7125592198008994,1.7400083030564542,3.0276288947054013,68.8790551471028,-202.19170819061944,410.3834163812389,414.9624979550874,0.01,25.00140700111142,34,converged,CONVERGENCE: NORM_OF_PROJECTED_GRADIENT_<=_PGTOL,analytic_hessian_conditional_on_active_bounds,59499.84239729949,
hf_z035_sv250,log_sigma,0,5.237287424938802,3.3890247520748735,1.5453671212440572,1.5503468641810842,2.4035753992761215,68.75325286709504,-202.50373493833155,411.0074698766631,415.5865514505116,0.010000009873503038,25.611596692470144,34,converged,CONVERGENCE: REL_REDUCTION_OF_F_<=_FACTR*EPSMCH,analytic_hessian_conditional_on_active_bounds,69307.47193105567,
hf_z035_sv250,sigma_grad,0,7771.571174854746,8803.014421373078,0.8828306762722025,0.885366520406568,0.783873875456834,69.07021355877977,-203.31358570024213,412.62717140048426,417.20625297433276,0.01,27.244493340939176,34,converged,CONVERGENCE: NORM_OF_PROJECTED_GRADIENT_<=_PGTOL,analytic_hessian_conditional_on_active_bounds,73937.9998024764,
hf_z035_sv250,screening_S,0,-0.37920593047827017,5.642698610947829,0.06720293898783533,-0.06721582269420082,0.004517966820458241,69.45244802872882,-203.70326365460318,413.40652730920635,417.98560888305485,0.01,28.045132918067537,34,converged,CONVERGENCE: NORM_OF_PROJECTED_GRADIENT_<=_PGTOL,analytic_hessian_conditional_on_active_bounds,74623.38288712283,
hf_z035_sv250,nested_lin,0,-3606660.111979974,2914944.3733759075,1.2372998074755588,-1.2345312788516347,1.5240674784630528,69.130732212251,-202.94348889873746,411.8869777974749,416.4660593713234,0.01,26.51343331436229,34,converged,CONVERGENCE: NORM_OF_PROJECTED_GRADIENT_<=_PGTOL,analytic_hessian_conditional_on_active_bounds,71292.09091484077,
hf_z035_sv250,step_sigma,1,9.98624090104437,,,,,69.27571837912818,-202.02967298880625,412.0593459776125,418.1647880760772,0.01,24.666079245545685,34,converged,CONVERGENCE: NORM_OF_PROJECTED_GRADIENT_<=_PGTOL,not_computed,58611.1076650561,{'sigma_c': 55.0}
hf_z035_sv250,tanh_sigma,2,7.922237512597013,,,,,69.20022425204033,-202.2178782840475,414.435756568095,422.0675591911758,0.01,25.046602750481888,34,converged,CONVERGENCE: NORM_OF_PROJECTED_GRADIENT_<=_PGTOL,not_computed,60146.80699745623,"{'sigma_t': 50.0, 'w': 10.0}"
hf_z035_sv250,sA_sigma,1,43.91352835343231,,,,,69.21076934329163,-202.13779704116723,412.27559408233446,418.38103618079913,0.01,24.881862789052523,34,converged,CONVERGENCE: NORM_OF_PROJECTED_GRADIENT_<=_PGTOL,not_computed,61497.07540045144,{'sigma_T': 65.0}
hf_z035_sv250,sA_nested,1,50.18828446706165,,,,,69.246167933242,-202.69243823944524,413.3848764788905,419.49031857735514,0.01,26.000336449231686,34,converged,CONVERGENCE: NORM_OF_PROJECTED_GRADIENT_<=_PGTOL,not_computed,110542.46444504592,{'sigma_T': 55.0}
hf_z005_sv250,linear_X,0,3674814.244914505,9980232.500508517,0.3682092821712585,0.36933241790385024,0.13640643491470428,70.88681098196172,-146.15313963292795,298.3062792658559,301.9629067404605,0.01,12.409748626189344,25,converged,CONVERGENCE: NORM_OF_PROJECTED_GRADIENT_<=_PGTOL,analytic_hessian_conditional_on_active_bounds,69391.7998622547,
hf_z005_sv250,unscreened_X,0,7387611.77725353,6599199.429486209,1.1194709079778036,1.1309376816763732,1.2790200398355296,70.67867768429045,-145.58183283045238,297.16366566090477,300.82029313550936,0.01,11.263466675066294,25,converged,CONVERGENCE: NORM_OF_PROJECTED_GRADIENT_<=_PGTOL,analytic_hessian_conditional_on_active_bounds,48038.66000147676,
hf_z005_sv250,log_sigma,0,-0.009149442120956393,4.219592669992497,0.0021683235412797946,-0.0021970805556494736,4.827162968012999e-06,71.01220990045499,-146.22134047922532,298.44268095845064,302.0993084330552,0.01,12.550873359614464,25,converged,CONVERGENCE: NORM_OF_PROJECTED_GRADIENT_<=_PGTOL,analytic_hessian_conditional_on_active_bounds,60043.50869288325,
hf_z005_sv250,sigma_grad,0,-2391.725475215447,9820.390106459403,0.24354689063138946,-0.2433653323894692,0.05922668500903683,71.09136387652114,-146.19172950786563,298.38345901573126,302.04008649033585,0.01,12.495485421901403,25,converged,CONVERGENCE: NORM_OF_PROJECTED_GRADIENT_<=_PGTOL,analytic_hessian_conditional_on_active_bounds,60119.87603329158,
hf_z005_sv250,screening_S,0,-7.674649343255134,7.015104543976295,1.094017814723114,-1.102523928727146,1.215559013415941,71.0629554255971,-145.61356334366337,297.22712668732675,300.88375416193134,0.01,11.344178473624362,25,converged,CONVERGENCE: NORM_OF_PROJECTED_GRADIENT_<=_PGTOL,analytic_hessian_conditional_on_active_bounds,45052.82362145776,
hf_z005_sv250,nested_lin,0,2754779.8774764673,8970529.17832314,0.3070922375608858,0.3076794647676763,0.09466665303972377,70.93940055615835,-146.17400952386103,298.34801904772206,302.00464652232665,0.01,12.45285000605414,25,converged,CONVERGENCE: NORM_OF_PROJECTED_GRADIENT_<=_PGTOL,analytic_hessian_conditional_on_active_bounds,59140.14075559616,
hf_z005_sv250,step_sigma,1,10.292116085820503,,,,,71.0692527524259,-145.2078021332435,298.415604266487,303.2911075659598,0.01,10.498013527879916,25,converged,CONVERGENCE: NORM_OF_PROJECTED_GRADIENT_<=_PGTOL,not_computed,54169.5992334167,{'sigma_c': 55.0}
hf_z005_sv250,tanh_sigma,2,77.60759177839877,,,,,71.04805938833825,-145.32113263507213,300.64226527014426,306.73664439448527,0.01,10.729797679034842,25,converged,CONVERGENCE: NORM_OF_PROJECTED_GRADIENT_<=_PGTOL,not_computed,59001.72425919438,"{'sigma_t': 40.0, 'w': 10.0}"
hf_z005_sv250,sA_sigma,1,574.2533596280522,,,,,71.06926088336647,-145.20780213259764,298.41560426519527,303.2911075646681,0.01,10.498012084862332,25,converged,CONVERGENCE: NORM_OF_PROJECTED_GRADIENT_<=_PGTOL,not_computed,61809.29514562841,{'sigma_T': 55.0}
hf_z005_sv250,sA_nested,1,574.2533596280522,,,,,71.06926088336647,-145.20780213259764,298.41560426519527,303.2911075646681,0.01,10.498012084862332,25,converged,CONVERGENCE: NORM_OF_PROJECTED_GRADIENT_<=_PGTOL,not_computed,60333.93826437656,{'sigma_T': 55.0}
all_z_cmb_sv250,linear_X,0,16029575.592685753,10434934.017365037,1.5361453715002447,1.5232930751397955,2.3204217927688546,68.05486209054472,-228.62045705157377,463.24091410314753,468.0736678410802,117.57737881288098,37.97445622286177,37,converged,CONVERGENCE: NORM_OF_PROJECTED_GRADIENT_<=_PGTOL,analytic_hessian,103086.34720577969,
all_z_cmb_sv250,unscreened_X,0,11638786.147338007,6936372.689831397,1.6779355244853362,1.6686339552471365,2.7843392766037027,68.10419392525522,-228.38849831718946,462.7769966343789,467.60975037231157,116.35095892816383,37.64839783615691,37,converged,CONVERGENCE: NORM_OF_PROJECTED_GRADIENT_<=_PGTOL,analytic_hessian,96514.05118928202,
all_z_cmb_sv250,log_sigma,0,6.436941698468806,3.120485298168686,2.0628014822715053,1.9873105435690477,3.949403196580704,67.57829762344461,-227.80596641998685,461.6119328399737,466.44468657790634,96.00464826123238,38.46038595140399,37,converged,CONVERGENCE: NORM_OF_PROJECTED_GRADIENT_<=_PGTOL,analytic_hessian,100888.86626753572,
all_z_cmb_sv250,sigma_grad,0,13844.545428837162,9491.760429782144,1.4585856365903795,1.4320627476932188,2.0508037133306516,68.01876877821668,-228.75526608942758,463.51053217885516,468.3432859167878,117.0664064282873,38.293047828214824,37,converged,CONVERGENCE: REL_REDUCTION_OF_F_<=_FACTR*EPSMCH,analytic_hessian,108701.58001133722,
all_z_cmb_sv250,screening_S,0,2.055434528644318,6.231446065085195,0.32984872326199244,0.3289002826648165,0.10817539593699621,68.58767684613375,-229.72658025423556,465.4531605084711,470.28591424640376,140.4523021876126,37.660951626127115,37,converged,CONVERGENCE: NORM_OF_PROJECTED_GRADIENT_<=_PGTOL,analytic_hessian,105735.93814681628,
all_z_cmb_sv250,nested_lin,0,-1537408.005584183,1423298.3334850315,1.0801727012633726,-1.0645382034086313,1.1332415865164762,68.18274100476722,-229.21404714812527,464.42809429625055,469.2608480341832,131.47627247876775,37.673358409539034,37,converged,CONVERGENCE: REL_REDUCTION_OF_F_<=_FACTR*EPSMCH,analytic_hessian,99525.51930155026,
all_z_cmb_sv250,step_sigma,1,17.293230089772745,,,,,68.16361121446226,-225.01616053526587,458.03232107053174,464.47599272110864,0.12419729381898023,37.51457951351814,37,converged,CONVERGENCE: REL_REDUCTION_OF_F_<=_FACTR*EPSMCH,not_computed,82234.6032357694,{'sigma_c': 55.0}
all_z_cmb_sv250,tanh_sigma,2,8.694889679518194,,,,,68.14034852104353,-226.19648114301674,462.3929622860335,470.4475518492546,54.48738901815289,38.33811793593541,37,converged,CONVERGENCE: REL_REDUCTION_OF_F_<=_FACTR*EPSMCH,not_computed,96878.89718176462,"{'sigma_t': 60.0, 'w': 10.0}"
all_z_cmb_sv250,sA_sigma,1,47.22145816503573,,,,,67.94236209682606,-226.89510321705112,461.79020643410223,468.23387808467913,80.03639144066454,38.0045575772809,37,converged,CONVERGENCE: REL_REDUCTION_OF_F_<=_FACTR*EPSMCH,not_computed,98591.96970128706,{'sigma_T': 70.0}
all_z_cmb_sv250,sA_nested,1,37.68833267641595,,,,,68.51567845351609,-227.79453130551565,463.5890626110313,470.0327342616082,99.52173566371246,38.132402154421705,37,converged,CONVERGENCE: NORM_OF_PROJECTED_GRADIENT_<=_PGTOL,not_computed,467571.2996374156,{'sigma_T': 80.0}
hf_z035_cmb_sv250,linear_X,0,15491759.611560859,10822042.142337836,1.431500580741062,1.4189575330106814,2.013440480487759,68.1179375696192,-211.33091115112126,428.6618223022425,433.240903876091,141.0917059537596,34.76024076902296,34,converged,CONVERGENCE: NORM_OF_PROJECTED_GRADIENT_<=_PGTOL,analytic_hessian,111274.51906459221,
hf_z035_cmb_sv250,unscreened_X,0,11329440.859622808,7188309.107340015,1.5760926096033163,1.566388358935675,2.453572491009197,68.1908997483388,-211.11084514174559,428.22169028349117,432.80077185733967,139.83285436181276,34.46353610508968,34,converged,CONVERGENCE: REL_REDUCTION_OF_F_<=_FACTR*EPSMCH,analytic_hessian,103930.1133776755,
hf_z035_cmb_sv250,log_sigma,0,6.719462932197861,3.7517836363394985,1.7910049148659961,1.737410317774258,3.0185946123084477,67.87375229803531,-210.82833408248896,427.65666816497793,432.2357497388264,127.11943117424303,35.19846461131709,34,converged,CONVERGENCE: REL_REDUCTION_OF_F_<=_FACTR*EPSMCH,analytic_hessian,111930.24777521413,
hf_z035_cmb_sv250,sigma_grad,0,12895.390482108505,9966.957392311064,1.2938141475408091,1.2727241197576655,1.6198266850129244,68.13942645256274,-211.5277180469786,429.0554360939572,433.6345176678057,142.44621478518494,35.004403727703576,34,converged,CONVERGENCE: NORM_OF_PROJECTED_GRADIENT_<=_PGTOL,analytic_hessian,117270.87850574912,
hf_z035_cmb_sv250,screening_S,0,0.854362979524181,6.654743853289383,0.12838405179214776,0.12826341287082166,0.016451503081270857,68.75634854723145,-212.3294056331429,430.6588112662858,435.2378928401343,162.2193765230202,34.42850637524464,34,converged,CONVERGENCE: NORM_OF_PROJECTED_GRADIENT_<=_PGTOL,analytic_hessian,112941.76875080047,
hf_z035_cmb_sv250,nested_lin,0,-2411582.4888304933,3430517.1354659847,0.7029792866791542,-0.6991421561143207,0.4887997544561813,68.58455015516309,-212.09323155972248,430.18646311944497,434.76554469329346,157.9287394993694,34.44274643028647,34,converged,CONVERGENCE: REL_REDUCTION_OF_F_<=_FACTR*EPSMCH,analytic_hessian,113039.35060807725,
hf_z035_cmb_sv250,step_sigma,1,17.27056923901428,,,,,68.51275156463622,-208.29356884606665,424.5871376921333,430.69257979059796,70.83142107033075,34.856307900812986,34,converged,CONVERGENCE: REL_REDUCTION_OF_F_<=_FACTR*EPSMCH,not_computed,89444.63406294062,{'sigma_c': 55.0}
hf_z035_cmb_sv250,tanh_sigma,2,8.660951056943658,,,,,68.47967467220892,-209.384660040628,428.769320081256,436.40112270433684,98.09169931491378,35.0225077979145,34,converged,CONVERGENCE: NORM_OF_PROJECTED_GRADIENT_<=_PGTOL,not_computed,682549.0948563993,"{'sigma_t': 60.0, 'w': 10.0}"
hf_z035_cmb_sv250,sA_sigma,1,64.00882133725254,,,,,68.44871396322553,-209.77826027610263,427.55652055220526,433.6619626506699,111.37245685227066,34.62091904809202,34,converged,CONVERGENCE: REL_REDUCTION_OF_F_<=_FACTR*EPSMCH,not_computed,172038.75595797144,{'sigma_T': 65.0}
hf_z035_cmb_sv250,sA_nested,1,38.1139693337443,,,,,68.5145343104012,-210.44258416787937,428.88516833575875,434.9906104342234,122.38152004713356,34.9245083689484,34,converged,CONVERGENCE: REL_REDUCTION_OF_F_<=_FACTR*EPSMCH,not_computed,511409.19564257126,{'sigma_T': 80.0}
