model,delta_chi2,chi2,n_params,kappaP,kappaP_err,kappaP_sig,c_plz_w,c_plz_w_err,c_plz_w_sig,c_plz_c,c_plz_c_err,c_plz_c_sig,last_pair_corr,kappaZ,kappaZ_err,kappaZ_sig
baseline,0.0,3552.7062704695572,46,,,,,,,,,,,,,
kappaP,8.59640809173743,3544.10986237782,47,-0.6543742562157059,0.22318638261566254,2.931963180489238,,,,,,,,,,
plz_within,0.05839247223138955,3552.647877997326,47,,,,-0.11735681705646832,0.4856572659672945,0.2416453439087874,,,,,,,
plz_cross,7.031051579505402,3545.675218890052,47,,,,,,,0.24734673574176846,0.09328161174890741,2.651613014658975,,,,
kappaP+plz_within,8.680115180228313,3544.026155289329,48,-0.6554235650156294,0.2232158484021409,2.9362770148597708,-0.1405297721399802,0.4857213840068136,0.289321773278174,,,,0.01624789749510928,,,
kappaP+kappaZ,13.437158856321275,3539.269111613236,48,-0.5832855445201262,0.225513043298689,2.586482519982546,,,,,,,-0.14327572562286536,-2.0005304773738684,0.9092615171040822,2.2001706216990042
kappaP+kappaZ+plz_decomp,15.534029685707537,3537.1722407838497,50,-0.4643150167526829,0.24261298309168525,1.9138094377134582,-0.2898484587576175,0.4899496422436811,0.5915882649291917,0.13571516073847556,0.10236526858684254,1.3257930410580647,-0.006970929148358391,-1.8819545974136613,0.9281091656127225,2.0277297834584207
kappaZ+plz_decomp,11.871363121815193,3540.834907347742,49,,,,-0.29460967905192836,0.4899433259759918,0.6013137916820298,0.20795985078934395,0.09515066721945914,2.185584787437143,-0.005485073360638234,-2.013937570264358,0.925543440748972,2.175951426585262
plz_decomp_only,7.136598510955082,3545.569671958602,48,,,,-0.15785776373812874,0.4858957946582498,0.3248798723379701,0.24829666777061576,0.09332742665233792,2.6604898118059888,-0.03133000283444787,,,
