dropped_host,sigma_kms,kappa,kappa_err,significance,chi2,rank
LMC,24.0,-179057.22038101245,207788.48888900116,0.8617282956259588,3063.13166529349,46
M101,193.817969,-80735.34357837621,232766.04379929023,0.3468518958374907,3307.6416543902646,46
M1337,86.337738,-169467.66684085023,206916.72231065083,0.8190138764445674,3532.414259473796,46
M31,160.0,-163327.57884575462,206761.3874728722,0.7899326892802156,3459.3105773784127,46
N0691,141.84562,-168760.79924124473,206769.56861074848,0.816178127057678,3531.465681335817,46
N1015,85.347788,-155045.54883972465,207268.38888683895,0.7480424278512336,3532.5925874306013,46
N105A,166.099383,-167043.99966521875,208513.85493012902,0.8011170275528865,3532.812930737105,46
N1309,114.622009,-156027.29571309377,207181.75037586395,0.7530938194606086,3494.097917997293,46
N1365,140.219275,-246393.49221976154,209546.5106350807,1.1758415421617248,3480.684461750312,46
N1448,130.885465,-186660.78119557508,207228.93584392182,0.900746705258198,3448.419305600012,46
N1559,94.964441,-179693.2663700808,207095.0479355378,0.8676849985616927,3458.636928522565,46
N2442,160.301107,-159862.51560553067,211723.36708517026,0.7550537184741756,3396.822844585828,46
N2525,89.66114,-181508.37482443923,207406.3126012027,0.8751342837546147,3476.3489099653084,46
N2608,73.751237,-168729.43906478156,207211.85046857313,0.8142846979225833,3527.3951589076514,46
N3021,96.661497,-176005.7392181779,207061.3551377742,0.850017325063228,3544.104173155284,46
N3147,236.597929,-159983.64874911733,207440.99506617346,0.7712248425056133,3532.25965089166,46
N3254,146.936789,-213934.7853782228,209055.97424202246,1.0233373437611124,3494.50003674793,46
N3370,105.641753,-172385.94095136205,206823.3268950716,0.8334937046961787,3453.6885949693037,46
N3447,32.880465,-137982.4759937549,212182.18089971307,0.6503019028679495,3455.4613401212264,46
N3583,128.26917,-169093.38218452802,207177.85139404604,0.8161749967322399,3515.6955989877843,46
N3972,77.781746,-123976.09013836688,210554.55511308645,0.5888074474179897,3508.0879102238146,46
N3982,138.310086,-253256.05637674924,210117.83522488357,1.2053049000133471,3520.4623329409897,46
N4038,119.571757,-174382.59538564883,206878.46190957117,0.8429229112399017,3522.86769812783,46
N4258,115.0,-177048.43894953278,206966.06934235815,0.8554466899434787,3047.032694307416,46
N4424,20.223254,-176475.02842279343,208015.73924093123,0.8483734407154344,3523.9000922668333,46
N4536,110.096526,-166990.5154793589,206792.18162316259,0.8075281868425072,3504.7467524260323,46
N4639,117.309015,-158231.19888966045,206866.32175172347,0.764895888077742,3525.1391731801114,46
N4680,66.821591,-173778.46161044904,206997.16894527143,0.8395209581653497,3542.622858444484,46
N5468,106.702413,-166857.48461764707,206812.2788520161,0.8068064698278453,3459.8788758133737,46
N5584,88.176216,-120613.51428054844,207452.84494954013,0.5814020738538722,3371.3270156130125,46
N5643,121.056681,-160656.9017126555,206816.35226140523,0.7768094735062024,3330.2122248795413,46
N5728,158.674762,-145284.21407053064,208223.45004392034,0.6977322392837406,3524.1425099251023,46
N5861,112.076425,-168464.23138117135,206772.03016199055,0.8147341361846286,3503.0638387082035,46
N5917,65.478088,-175441.80980108262,207519.14184205467,0.8454247075415025,3532.9219381866537,46
N7250,50.275292,-172798.46461979102,207349.8511809797,0.8333667163762204,3515.18423357124,46
N7329,177.413091,-219793.96806240967,217382.99690631748,1.0110908911478997,3502.130659965876,46
N7541,146.936789,-195590.7234324036,208198.02304852472,0.9394456324247482,3524.6167996749,46
N7678,141.987042,-186457.99767342038,207895.59657171325,0.8968828621105595,3532.5807689380636,46
N976A,286.378246,-16965.815888232755,255077.34013220278,0.06651243846058465,3517.008844980918,46
U9391,53.527983,-204572.9982658156,209279.3860849111,0.9775114601244771,3512.50806048525,46
