host,is_anchor,z_hd,z_cmb,sigma,mu_published,mu_published_err,mu_matrix,mu_matrix_err,delta_mu,delta_mu_err,h0_published,h0_matrix,delta_h0,abs_delta_mu,abs_delta_h0
M1337,False,0.00925,0.00966,94.0,32.91556155810909,0.0821191889374247,32.91556166466235,0.08211918893742484,-1.0655325866082421e-07,0.11613407072638475,72.41859988088353,72.41859632733271,3.5535508260409188e-06,1.0655325866082421e-07,3.5535508260409188e-06
N0691,False,0.00855,0.00861,108.0,32.82220038569184,0.0876811481466406,32.82220030907799,0.08768114814664062,7.66138512631187e-08,0.12399986887342372,69.87900951129835,69.87901197676837,-2.4654700183646128e-06,7.66138512631187e-08,2.4654700183646128e-06
N1015,False,0.00815,0.00801,106.5,32.61774808180638,0.0600767417564431,32.61774817616801,0.06007674175644314,-9.436162429210526e-08,0.08496134297514789,73.18611526208588,73.18611208177352,3.180312361905635e-06,9.436162429210526e-08,3.180312361905635e-06
N105A,False,0.01682,0.01646,85.0,34.49337496345146,0.1193578058476689,34.49337515060871,0.11935780584766903,-1.871572550271594e-07,0.16879742780486817,63.67540291444687,63.67539742632137,5.4881255024952225e-06,1.871572550271594e-07,5.4881255024952225e-06
N1309,False,0.00719,0.00668,89.0,32.50896360923542,0.0506780279748097,32.508963632990664,0.050678027974809844,-2.3755241329581622e-08,0.0716695544762991,67.88235044378177,67.8823497011697,7.426120731679475e-07,2.3755241329581622e-08,7.426120731679475e-07
N1365,False,0.00483,0.0046,151.0,31.32541543530435,0.0500632419879221,31.32541565768381,0.050063241987922294,-2.223794588473993e-07,0.07080011579568576,78.64746822456405,78.64746017031455,8.054249505562439e-06,2.223794588473993e-07,8.054249505562439e-06
N1448,False,0.00333,0.00357,95.0,31.295113402826544,0.0357285514707881,31.295113708429728,0.03572855147078836,-3.0560318364791783e-07,0.05052780205393391,54.98475013768947,54.984742399385524,7.738303942517177e-06,3.0560318364791783e-07,7.738303942517177e-06
N1559,False,0.00407,0.00435,73.0,31.46078272204373,0.051633381831437,31.46078281272052,0.051633381831437127,-9.067678874430385e-08,0.07302062885720685,62.26708970400594,62.26708710384415,2.6001617925430764e-06,9.067678874430385e-08,2.6001617925430764e-06
N2442,False,0.00488,0.00515,144.0,31.465229402600546,0.0546366996015777,31.46522935964865,0.05463669960157788,4.2951896261911315e-08,0.07726796157985599,74.50658266509885,74.50658413884493,-1.4737460816149905e-06,4.2951896261911315e-08,1.4737460816149905e-06
N2525,False,0.00602,0.00596,82.0,32.01138450158729,0.0606591197975919,32.011384827452474,0.060659119797592004,-3.2586518727839575e-07,0.08578494989936884,71.47271732310575,71.47270659744856,1.0725657190846505e-05,3.2586518727839575e-07,1.0725657190846505e-05
N2608,False,0.00855,0.00796,87.0,32.62780095307227,0.1148434167441644,32.627800956099335,0.11484341674416437,-3.027068373739894e-09,0.16241311750886267,76.42344785295055,76.42344774641498,1.0653556614670379e-07,3.027068373739894e-09,1.0653556614670379e-07
N3021,False,0.00673,0.00592,55.7,32.391578250894156,0.0966189000632787,32.39157805642068,0.09661890006327893,1.9447347909817836e-07,0.13663975885105958,67.06873529200169,67.06874129856702,-6.006565328675606e-06,1.9447347909817836e-07,6.006565328675606e-06
N3147,False,0.01079,0.00993,238.0,33.09079245164219,0.0854830197759541,33.09079227028217,0.0854830197759542,1.8136001500579368e-07,0.12089124591976186,77.92622844007276,77.92623494842279,-6.5083500260243454e-06,1.8136001500579368e-07,6.5083500260243454e-06
N3254,False,0.00648,0.0055,117.8,32.40309755164506,0.056427656454706,32.40309766953864,0.056427656454706175,-1.1789357756697427e-07,0.07980075705117506,64.23566114739198,64.23565765990965,3.4874823313657544e-06,1.1789357756697427e-07,3.4874823313657544e-06
N3370,False,0.00588,0.0054,85.0,32.142496794325965,0.0456347313322023,32.14249684857286,0.04563473133220256,-5.4246896752374596e-08,0.0645372559652531,65.72016878546236,65.72016714366615,1.6417962171999534e-06,5.4246896752374596e-08,1.6417962171999534e-06
N3447,False,0.00465,0.00465,55.0,31.944288930942392,0.0333315910022108,31.94428916380836,0.03333159100221106,-2.3286596828597794e-07,0.04713798805079972,56.93979111963451,56.93978501348329,6.106151225537815e-06,2.3286596828597794e-07,6.106151225537815e-06
N3583,False,0.00857,0.00773,108.0,32.7899012784914,0.0634223058066292,32.78990137875967,0.06342230580662941,-1.0026827368392333e-07,0.08969268502870907,71.09208789414464,71.09208461145003,3.282694606809855e-06,1.0026827368392333e-07,3.282694606809855e-06
N3972,False,0.00349,0.00369,78.0,31.70720609476234,0.0676238347875992,31.707206067686002,0.0676238347875993,2.7076339392806403e-08,0.09563454429630038,47.66558318302936,47.665583777377,-5.943476395486869e-07,2.7076339392806403e-08,5.943476395486869e-07
N3982,False,0.00349,0.00369,87.3,31.638182795384395,0.0561344085927094,31.638182951952896,0.0561344085927095,-1.5656850038681114e-07,0.07938604194760251,49.205037917384466,49.20503436958036,3.5478041056080656e-06,1.5656850038681114e-07,3.5478041056080656e-06
N4038,False,0.00571,0.0066,107.0,31.63383340766299,0.0800615212766845,31.633833444421157,0.0800615212766846,-3.67581662885641e-08,0.1132240892137094,80.66592711661148,80.66592575111794,1.3654935457907413e-06,3.67581662885641e-08,1.3654935457907413e-06
N4639,False,0.00359,0.00462,96.2,31.78738500726918,0.0713565283748475,31.7873849001826,0.07135652837484763,1.0708657782743103e-07,0.10091337019157001,47.25395354980978,47.25395588014762,-2.3303378426930976e-06,1.0708657782743103e-07,2.3303378426930976e-06
N4680,False,0.00864,0.00931,103.0,32.54680993735715,0.1470442585163361,32.54680985917826,0.14704425851633615,7.81788926929039e-08,0.20795198466289805,80.16272242224976,80.1627253083251,-2.886075336050453e-06,7.81788926929039e-08,2.886075336050453e-06
N5468,False,0.00954,0.00998,68.0,33.18726848481222,0.0485085615123016,33.18726859873989,0.04850856151230176,-1.1392766907647456e-07,0.06860146558190656,65.90454721989946,65.90454376217596,3.4577234941934876e-06,1.1392766907647456e-07,3.4577234941934876e-06
N5584,False,0.00625,0.00635,98.0,31.865539486360575,0.0453757045325274,31.86553960658751,0.045375704532527594,-1.2022693596236422e-07,0.0641709367521347,79.35838535956418,79.35838096576427,4.393799912350005e-06,1.2022693596236422e-07,4.393799912350005e-06
N5643,False,0.00331,0.00478,107.0,30.508408628554633,0.0423384635611199,30.508408704265005,0.04233846356111999,-7.571037130560399e-08,0.059875629378174915,78.51759180620351,78.51758906861592,2.737587593060198e-06,7.571037130560399e-08,2.737587593060198e-06
N5728,False,0.00996,0.0105,176.0,32.91590277778204,0.103192618959824,32.91590301173811,0.1031926189598241,-2.3395607229304005e-07,0.14593640126978216,77.96496455698828,77.96495615698474,8.40000353719006e-06,2.3395607229304005e-07,8.40000353719006e-06
N5861,False,0.00677,0.00727,112.0,32.205206817919375,0.0756344575522645,32.205206770662684,0.07563445755226456,4.725669100480445e-08,0.10696327565314466,73.51365368062842,73.51365528047009,-1.5998416671436644e-06,4.725669100480445e-08,1.5998416671436644e-06
N5917,False,0.0071,0.00703,54.0,32.33689541476585,0.0769424972155627,32.33689541549484,0.07694249721556287,-7.289884251804324e-10,0.10881312308510299,72.56045021022214,72.56045018586273,2.4359408712371078e-08,7.289884251804324e-10,2.4359408712371078e-08
N7250,False,0.00432,0.00293,52.0,31.605972237460577,0.103313425286753,31.605972319327666,0.10331342528675315,-8.186708910784546e-08,0.14610724721574567,61.81729570560744,61.817293375022,2.330585445520228e-06,8.186708910784546e-08,2.330585445520228e-06
N7329,False,0.01028,0.01042,124.0,33.26914458542842,0.0702010071802581,33.26914474281509,0.07020100718025826,-1.5738666547804314e-07,0.09927921644657213,68.38878695365918,68.38878199689219,4.956766986197181e-06,1.5738666547804314e-07,4.956766986197181e-06
N7541,False,0.00814,0.00769,64.4,32.57968347083725,0.0843555788926216,32.57968336537838,0.08435557889262167,1.0545887363377915e-07,0.11929680373177912,74.38894742461176,74.38895103735618,-3.612744421843672e-06,1.0545887363377915e-07,3.612744421843672e-06
N7678,False,0.01061,0.01049,107.0,33.26689439729978,0.0832042725418636,33.26689447316785,0.08320427254186376,-7.586807271309226e-08,0.11766861067609093,70.65732757346123,70.65732510479752,2.4686637090098884e-06,7.586807271309226e-08,2.4686637090098884e-06
N976A,False,0.01312,0.01334,218.0,33.54384445493267,0.0823285152545172,33.543844370061564,0.08232851525451729,8.487110392252362e-08,0.11643010284297853,76.91050216781821,76.91050517383351,-3.006015305118126e-06,8.487110392252362e-08,3.006015305118126e-06
U9391,False,0.00747,0.00664,75.0,32.815990280599635,0.0544388860427793,32.81599053715891,0.0544388860427795,-2.5655927515799704e-07,0.07698821096218202,61.22703781426295,61.227030580294226,7.233968723596718e-06,2.5655927515799704e-07,7.233968723596718e-06
