model,N_hosts,n_params,dof,H_app,H_app_err,kappa_Cep,kappa_Cep_err,kappa_Cep_sig,beta_X,beta_X_err,beta_X_sig,delta_m,sigma_int_v,logL,AIC,BIC,status,sigma_v
E0,13,18,0.0,69.52996764798226,2.5955150781571175,0.0,332860.12346549646,0.0,0.0,37996476.145193815,0.0,-0.011212531039052535,116.42261667187817,-1.6066406640982538,39.21328132819651,49.38236976250417,converged,150
Eβ,13,18,0.0,69.27060029306341,2.585854879795505,0.0,333003.0769637717,0.0,7321475.408365217,37798556.68667363,0.19369722153826308,-0.011231938344439248,115.76001672449378,-1.5876856255528953,39.17537125110579,49.344459685413455,converged,150
Eκ,13,18,0.0,69.17269267331467,2.5833793794927185,238705.06314121344,334640.5479357879,0.7133178110472647,0.0,37593217.10060617,0.0,-0.023775374016981057,116.38761038589209,-1.3461984667961104,38.69239693359222,48.86148536789988,converged,150
Eκβ,13,18,0.0,69.02080251209286,2.5793961481989536,234498.08215476383,334476.52146480174,0.7010898138015974,4430982.687392428,37533019.611728676,0.11805558767266867,-0.023566292035851227,116.10024210595863,-1.339232022300867,38.67846404460173,48.84755247890939,converged,150
Eκpriorβ,13,18,,68.70627363032396,,531106.0104561114,255819.60737156772,2.0760957923162677,822282.4359269353,37128018.32559793,0.02214722123642167,-0.03916664517646324,116.54583743989105,-1.7367806445684701,39.47356128913694,49.6426497234446,converged,150
E0,13,18,0.0,69.50949138253473,3.322482930997079,0.0,333082.36779450945,0.0,0.0,49102283.79665042,0.0,-0.011445134230406533,0.01,-2.3651523084436104,40.730304616887224,50.89939305119488,converged,250
Eβ,13,18,0.0,69.27201914303532,3.31966163636073,0.0,332972.10657252074,0.0,6749295.4390284605,49157944.83810947,0.13729816128920225,-0.011457458156667728,0.01,-2.3556581990658136,40.71131639813163,50.88040483243929,converged,250
Eκ,13,18,0.0,69.1521693280546,3.307501634270457,239306.05786822885,331054.3184654452,0.7228604024182429,0.0,48744241.1381128,0.0,-0.024038570252397095,0.01,-2.1047386173024893,40.209477234604975,50.37856566891264,converged,250
Eκβ,13,18,0.0,69.0195575315935,3.3095548455638895,237161.23436775635,334158.78499957966,0.7097261691565424,3837441.5469495426,48788954.47852309,0.0786539000059693,-0.023932406223763636,0.01,-2.1016406584648473,40.2032813169297,50.37236975123736,converged,250
Eκpriorβ,13,18,,68.70570653718104,,532736.0311411311,255015.70191541556,2.0890322718945,256315.24079829417,48213621.40850826,0.005316241205500116,-0.039480383135895095,0.01,-2.4962970868583136,40.992594173716626,51.161682608024286,converged,250
E0,13,18,0.0,69.48691076012334,6.448690456501046,0.0,333009.57599388115,0.0,0.0,96647790.54928441,0.0,-0.011703795488057018,0.01,-8.348272599135127,52.69654519827026,62.86563363257791,converged,500
Eβ,13,18,0.0,69.3361699931388,5.330986654389319,0.0,332981.54332501726,0.0,5185212.38189564,88697373.40395026,0.058459593366771666,-0.011697409024797845,0.01,-8.346334043435073,52.69266808687014,62.86175652117781,converged,500
Eκ,13,18,0.0,69.12875019068845,6.424880836338809,240532.69794376608,336326.613277642,0.7151759285406392,0.0,96083470.98009352,0.0,-0.024361166020129138,0.01,-8.086630632729692,52.17326126545939,62.34234969976704,converged,500
Eκβ,13,18,0.0,69.01745212464756,6.427816908132783,240082.47254906333,333486.3872917823,0.7199168592719928,3179651.134590819,96024892.3121097,0.033112780009749966,-0.02433822702004247,0.01,-8.0860813752082,52.172162750416405,62.34125118472406,converged,500
Eκpriorβ,13,18,,68.70511660806805,,534539.5843184154,255302.3037789197,2.093751511076463,-382375.08739565837,95206919.60681383,0.004016253114529842,-0.03983167206180578,0.010000000278043899,-8.47757629765988,52.95515259531976,63.12424102962742,converged,500
