model,n_hosts,n_params,dof,chi2,chi2_reduced,logL,AIC,BIC,H_app,H_app_err,sigma_int,sigma_int_err,beta_X,beta_X_err,beta_X_sig,beta_X_p_perm,loocv_mse,max_vif,status,sigma_v,sample,beta_Z,beta_Z_err,beta_Z_sig,beta_P,beta_P_err,beta_P_sig,beta_z,beta_z_err,beta_z_sig
0_intercept_only,33,2,31,36.85170337440745,1.1887646249808854,-88.10576678383393,180.21153356766786,183.20454869060083,68.66121190070956,1.411416002015742,5.6091239519304334,1.5977322117211497,,,,,90.78455939082606,1.0,ok,150,primary,,,,,,,,,
1_X,33,3,30,41.03675406326256,1.367891802108752,-83.961521227338,173.923042454676,178.41256513907544,68.45845475190194,1.1511511711622997,3.326980551730982,2.083909103025433,27885663.30037464,8644508.559103722,3.2258240141375802,0.02,77.03161276587736,1.0,ok,150,primary,,,,,,,,,
2_X_Z,33,4,29,42.26840794061037,1.4575313082969095,-83.35066397636605,174.7013279527321,180.68735819859802,68.48469330908466,1.1041657164864171,2.822987838499362,2.3891532442840084,22404443.76839928,9457954.694901746,2.368846594335693,0.06,77.51184695894466,1.2562672672094284,ok,150,primary,11.502982066676687,10.182843693988255,1.1296433896425038,,,,,,
3_X_Z_P,33,5,28,40.10697794427316,1.4323920694383272,-80.75567212393744,171.5113442478749,178.99388205520728,67.80796139786716,1.0873569704282324,2.1194009243863396,2.4842450969353833,21597804.90113073,8893872.795044271,2.428391477913331,0.064,75.6638918191843,1.2990254597845294,ok,150,primary,5.432300827605525,10.018459197449824,0.542229171227079,31.73827312349619,13.83427438426168,2.294176929120524,,,
4_X_Z_P_z,33,6,27,39.84371151595202,1.4756930191093343,-80.72809240824091,173.45618481648182,182.43523018528072,67.75742192566828,1.1141356947331043,2.172337513745669,2.4309964285884176,20726272.247150976,9663097.185237523,2.1448891437017577,0.076,82.87040444671293,1.849789572414079,ok,150,primary,5.779054401250221,10.164263632545085,0.5685659689843339,30.095048037894475,15.670985442183607,1.9204311144903348,95.79535233285105,406.1858067525875,0.23584121045175052
0_intercept_only,33,2,31,27.796297331655488,0.896654752634048,-86.69442355226775,177.3888471045355,180.38186222746847,69.14515182063896,1.4436403187761355,4.58959761731207e-06,4.610761993823521,,,,,90.16421307246601,1.0,ok,250,primary,,,,,,,,,
1_X,33,3,30,20.977785570694042,0.6992595190231348,-83.28516767179163,172.57033534358325,177.0598580279827,68.58765905936673,1.459341939757307,6.34421476131279e-06,2.8329624417564307,26075729.84762775,9986002.627827669,2.6112280178019747,0.022,76.28244294565711,1.0,ok,250,primary,,,,,,,,,
2_X_Z,33,4,29,20.122245684231263,0.6938705408355608,-82.85739772856023,173.71479545712046,179.70082570298638,68.61732688571423,1.4596943850345883,6.34421476131279e-06,2.72254483334615,20608863.7285783,11604021.168876238,1.7760105250285503,0.06,76.44982526200837,1.2562672672094284,ok,250,primary,12.49881266405417,13.512902023663031,0.9249539915383799,,,,,,
3_X_Z_P,33,5,28,18.00986806717064,0.6432095738275229,-81.80120892002994,173.60241784005987,181.08495564739226,67.83048951913156,1.5568545016587931,6.34421476131279e-06,2.73507531275058,20678060.904504035,11604118.839699414,1.7819587329424202,0.062,74.58621318272094,1.2990254597845294,ok,250,primary,6.577741479615131,14.113663546037523,0.46605485940338026,29.490863859725383,20.29091893383843,1.453402083754055,,,
4_X_Z_P_z,33,6,27,17.97570247849012,0.665766758462597,-81.78412612568968,175.56825225137936,184.54729762017826,67.92866935305582,1.6449711556821953,6.34421476131279e-06,2.70646625687491,21465375.93432646,12361170.471785111,1.7365164555672197,0.064,81.49694551773283,1.849789572414079,ok,250,primary,6.047933571929587,14.401779850160095,0.4199434816289291,31.000430057353103,21.872809406317533,1.4173044477953178,-87.66618860776572,474.28312359616683,0.18483935912172575
0_intercept_only,33,2,31,7.7057179987432605,0.2485715483465568,-98.12992213941382,200.25984427882764,203.25285940176062,69.18867821358391,2.6850668153344883,6.34421476131279e-06,4.428105542245532,,,,,90.10384245939886,1.0,ok,500,primary,,,,,,,,,
1_X,33,3,30,5.683607631605169,0.18945358772017232,-97.11886695584478,200.23773391168956,204.727256596089,68.5615440371682,2.7210443261121786,6.34421476131279e-06,4.105214375817862,25946863.579139944,18246620.54333027,1.4220092711153771,0.03,76.09410558067843,1.0,ok,500,primary,,,,,,,,,
2_X_Z,33,4,29,5.398389392196378,0.18615135835159927,-96.97625783614039,201.95251567228078,207.9385459181467,68.62087355887158,2.7233111507585477,6.34421476131279e-06,4.054899123043164,20022441.303338733,21354122.314782042,0.9376382231115407,0.068,76.1380590987009,1.2562672672094284,ok,500,primary,13.626481886140473,25.51497198773597,0.5340582734204129,,,,,,
3_X_Z_P,33,5,28,4.836972189207272,0.1727490067574026,-96.69554923464582,203.39109846929165,210.87363627662404,67.78612728728999,2.9423750155157484,6.34421476131279e-06,4.061589272094484,20241463.387622558,21356122.90450708,0.9478060918702955,0.066,74.26334444059167,1.2990254597845294,ok,500,primary,7.725061159253085,26.70294853302375,0.28929618576388444,29.46855635436134,39.32928059804736,0.7492777875989017,,,
4_X_Z_P_z,33,6,27,4.782997789652367,0.17714806628342103,-96.66856203486836,205.33712406973672,214.3161694385356,68.07945642574464,3.201827063253751,6.34421476131279e-06,4.028458650511856,21852405.003618464,22453614.325065088,0.973224385493453,0.064,81.37188732135276,1.849789572414079,ok,500,primary,6.138905904636412,27.56193183004276,0.2227313361955619,32.60869617518469,41.587021626074176,0.7841075148007169,-183.14768083905048,788.3290194501437,0.2323239108548804
0_intercept_only,35,2,33,38.7349447481093,1.1737862044881606,-93.99771833479512,191.99543666959025,195.10613279256907,68.38739494592879,1.3920100425803303,5.610516618476064,1.5818797737080725,,,,,93.28820271686968,1.0,ok,150,sensitivity,,,,,,,,,
1_X,35,3,32,42.776614234202604,1.3367691948188314,-89.53049540486931,185.06099080973863,189.72703499420686,68.18750884039595,1.1366403261150504,3.2918027224609707,2.077140167605833,28682664.471088253,8588709.143296838,3.3395780428161297,0.008,78.11639805984844,1.0,ok,150,sensitivity,,,,,,,,,
2_X_Z,35,4,31,44.10035690576489,1.4225921582504804,-89.06395181448535,186.1279036289707,192.34929587492834,68.22405710422206,1.0956133154170657,2.8371770684711985,2.367148794987462,23935078.022367917,9398237.742461985,2.5467623482461326,0.04,79.76599423292332,1.2247469072480468,ok,150,sensitivity,9.957631482923045,10.069763177659803,0.9888645152067203,,,,,,
3_X_Z_P,35,5,30,41.30060354387558,1.3766867847958528,-85.95881943290486,181.91763886580972,189.69437917325678,67.4087302990455,1.0851967005898286,2.0547380640669686,2.49256682774791,22562324.036139287,8790842.088950153,2.5665714169180114,0.034,74.40184619720289,1.2571226566694924,ok,150,sensitivity,3.8492518046680875,9.830408606604113,0.39156579941978636,33.84957794024493,13.485461233133275,2.5100793628828786,,,
4_X_Z_P_z,35,6,29,40.95597416894736,1.4122749713430123,-85.91468691569659,183.82937383139318,193.16146220032965,67.3387063221756,1.1162183397146892,2.1199889449444704,2.4218319935317782,21466563.81861318,9572853.06599929,2.2424415867049903,0.068,81.13251256827732,1.9775337823896262,ok,150,sensitivity,4.291494092123592,9.989768094839693,0.42958896056259827,31.697021518674543,15.494235131180229,2.0457299924981913,119.33783119918556,400.09964961552174,0.2982702717032219
0_intercept_only,35,2,33,28.77785135286158,0.872056101601866,-92.87382099332186,189.7476419866437,192.85833810962254,68.99956238165865,1.433563727374323,5.87307356248937e-06,4.526491951492291,,,,,93.23061541808653,1.0,ok,250,sensitivity,,,,,,,,,
1_X,35,3,32,21.65211677374404,0.6766286491795013,-89.31095370376448,184.62190740752897,189.2879515919972,68.37726198830163,1.4523950311330596,6.34421476131279e-06,2.803946432057899,26600203.140415013,9964835.470435532,2.6694071587368016,0.02,77.62791923590883,1.0,ok,250,sensitivity,,,,,,,,,
2_X_Z,35,4,31,20.929546250440666,0.6751466532400214,-88.94966844211281,185.89933688422562,192.12072913018326,68.40988084381829,1.4529018662253272,6.34421476131279e-06,2.701880733255195,21652775.835737098,11540055.945662323,1.876314632935202,0.048,79.00059008100031,1.2247469072480468,ok,250,sensitivity,11.389005579059534,13.398176210250567,0.8500414832838313,,,,,,
3_X_Z_P,35,5,30,18.40913413003954,0.6136378043346513,-87.68946238191226,185.37892476382453,193.15566507127159,67.45707970979892,1.57197803027864,6.34421476131279e-06,2.71460576436328,21438509.43987657,11540845.13972582,1.8576204065056794,0.036,73.62425392670121,1.2571226566694924,ok,250,sensitivity,5.244990889954551,13.945909979231914,0.3760952779535599,31.56510208189538,19.882519564190556,1.5875805870572741,,,
4_X_Z_P_z,35,6,29,18.38824728299516,0.6340774925170745,-87.67901895839006,187.35803791678012,196.6901262857166,67.53645960267883,1.6651714767293442,6.34421476131279e-06,2.6926325546794887,22057322.486279536,12309534.277200988,1.7918892778204325,0.054,80.30590056707368,1.9775337823896262,ok,250,sensitivity,4.82414571347288,14.246681576297087,0.33861539528608897,32.8040287241203,21.65185674832655,1.5150676962914826,-67.95353271586124,470.19239041165207,0.1445228253404274
0_intercept_only,35,2,33,7.957039216141636,0.2411224004891405,-105.31924261880428,214.63848523760856,217.7491813605874,69.06015349234072,2.668654403410534,6.34421476131279e-06,4.3916389505489315,,,,,93.24287132405085,1.0,ok,500,sensitivity,,,,,,,,,
1_X,35,3,32,5.854807692935321,0.18296274040422877,-104.26812685720112,214.53625371440225,219.20229789887048,68.36631115742716,2.7112209903189703,6.34421476131279e-06,4.0748145023525,26405151.52206706,18211612.120171484,1.4499074188396686,0.024,77.45151997350983,1.0,ok,500,sensitivity,,,,,,,,,
2_X_Z,35,4,31,5.607846276646137,0.18089826698858508,-104.14464614905653,216.28929229811305,222.5106845440707,68.42707908211683,2.7139771482434556,6.34421476131279e-06,4.028500879726068,20968197.528611973,21245223.576173287,0.9869605491997739,0.056,78.81532109237806,1.2247469072480468,ok,500,sensitivity,12.582138577855982,25.31861300190408,0.4969521267578815,,,,,,
3_X_Z_P,35,5,30,4.940879433541591,0.16469598111805303,-103.81116272750425,217.6223254550085,225.39906576245556,67.4190916648781,2.981449981229108,6.34421476131279e-06,4.036194108011929,20940197.006797932,21245251.241539348,0.9856412978470707,0.04,73.40367344068497,1.2571226566694924,ok,500,sensitivity,6.463579228740731,26.403826309878532,0.2447970666403943,31.483134983617727,38.55013020267073,0.8166803800168901,,,
4_X_Z_P_z,35,6,29,4.895538482080418,0.1688116717958765,-103.78849225177366,219.57698450354732,228.90907287248382,67.69314767317123,3.247388330477855,6.34421476131279e-06,4.006165732285155,22425752.462964002,22361430.800764725,1.0028764555708607,0.048,80.41463817546602,1.9775337823896262,ok,500,sensitivity,4.995139306719786,27.289555541763445,0.1830421642109676,34.524360040492056,41.110843062585104,0.8397872062106312,-166.48552305925287,781.8638977458023,0.21293414818007142
