label,kappa,sigma_ref,N_hosts,mean_dmu,H0,H0_err,tension_planck,delta_H0_vs_sh0es,sigma_ref_label,kappa_name
kappa_0_null_standard,0.0,87.16507328052906,37,0.0,73.04,1.01,5.004493689674603,0.0,standard,kappa_0_null
kappa_gal_canonical_standard,960000.0,87.16507328052906,37,-0.001482841451586136,73.08989413058225,1.01,5.048765828265143,0.049894130582245566,standard,kappa_gal_canonical
kappa_endpoint_equiv_standard,1220445.057648075,87.16507328052906,37,-0.0018851317925666633,73.10343613191151,1.01,5.060781938229297,0.06343613191150155,standard,kappa_endpoint_equiv
kappa_0_null_screened,0.0,30.50738103825078,37,0.0,73.04,1.01,5.004493689674603,0.0,screened,kappa_0_null
kappa_gal_canonical_screened,960000.0,30.50738103825078,37,0.06973085350697965,70.73178103759221,1.01,2.9563612017744156,-2.3082189624077927,screened,kappa_gal_canonical
kappa_endpoint_equiv_screened,1220445.057648075,30.50738103825078,37,0.08864862034184923,70.11824547166474,1.01,2.411957856371047,-2.9217545283352706,screened,kappa_endpoint_equiv
kappa_0_null_equal_weights,0.0,70.00238091188994,37,0.0,73.04,1.01,5.004493689674603,0.0,equal_weights,kappa_0_null
kappa_gal_canonical_equal_weights,960000.0,70.00238091188994,37,0.027329454279933534,72.12650257078649,1.01,4.19392771094534,-0.9134974292135212,equal_weights,kappa_gal_canonical
kappa_endpoint_equiv_equal_weights,1220445.057648075,70.00238091188994,37,0.03474385146267074,71.88064976084007,1.01,3.9757772081145615,-1.1593502391599344,equal_weights,kappa_endpoint_equiv
kappa_0_null_homogeneous_rotation,0.0,131.46140117920544,37,0.0,73.04,1.01,5.004493689674603,0.0,homogeneous_rotation,kappa_0_null
kappa_gal_canonical_homogeneous_rotation,960000.0,131.46140117920544,37,-0.10492565012687759,76.65595429133771,1.01,8.213007950871646,3.615954291337701,homogeneous_rotation,kappa_gal_canonical
kappa_endpoint_equiv_homogeneous_rotation,1220445.057648075,131.46140117920544,37,-0.13339165741443632,77.66745885265482,1.01,9.110537772536285,4.6274588526548115,homogeneous_rotation,kappa_endpoint_equiv
