normalized_name,source_id,h0_derived,sigma_measured_kms,sigma_measured_error_kms,sigma_measured_error_total_kms,sigma_inferred_kms,sigma_source,sigma_method,sigma_notes,aperture_radius_arcsec_assumed,beta_assumed,log_d25,r25_arcsec,r_eff_arcsec,r_eff_provenance,r_eff_frac_uncertainty_assumed
M 101,M101,53.86144468963003,193.817969,7.212489,12.080294298705368,193.817969,,HyperLEDA rotation potential proxy,HyperLEDA PGC 50063: vrot=274.1 +/- 10.2 km/s; u_phi=vrot/sqrt(2).,1.5,0.04,,865.2094509379817,432.60472546899086,RC3 D25 via VizieR VII/155; proxy R_eff=0.5*R25,0.25
Mrk 1337,M1337,72.41859988088353,86.337738,4.737615,6.409407803815935,86.337738,,HyperLEDA rotation potential proxy,HyperLEDA PGC 43690: vrot=122.1 +/- 6.7 km/s; u_phi=vrot/sqrt(2).,1.5,0.04,,36.90806312437145,18.45403156218573,RC3 D25 via VizieR VII/155; proxy R_eff=0.5*R25,0.25
NGC 0691,N0691,69.87900951129835,141.84562,3.040559,7.716569757051509,141.84562,,HyperLEDA rotation potential proxy,HyperLEDA PGC 6793: vrot=200.6 +/- 4.3 km/s; u_phi=vrot/sqrt(2).,1.5,0.04,,104.0210551357595,52.01052756787975,RC3 D25 via VizieR VII/155; proxy R_eff=0.5*R25,0.25
NGC 1015,N1015,73.18611526208588,85.347788,2.969848,5.199096982586145,85.347788,,HyperLEDA rotation potential proxy,HyperLEDA PGC 9988: vrot=120.7 +/- 4.2 km/s; u_phi=vrot/sqrt(2).,1.5,0.04,,78.90803975686144,39.45401987843072,RC3 D25 via VizieR VII/155; proxy R_eff=0.5*R25,0.25
NGC 105,N105A,63.67540291444687,166.099383,6.434672,10.50607045141216,166.099383,,HyperLEDA rotation potential proxy,HyperLEDA PGC 1583: vrot=234.9 +/- 9.1 km/s; u_phi=vrot/sqrt(2).,1.5,0.04,,33.66055362905891,16.830276814529455,RC3 D25 via VizieR VII/155; proxy R_eff=0.5*R25,0.25
NGC 1309,N1309,67.88235044378177,114.622009,3.464823,6.6970523955930945,114.622009,,HyperLEDA rotation potential proxy,HyperLEDA PGC 12626: vrot=162.1 +/- 4.9 km/s; u_phi=vrot/sqrt(2).,1.5,0.04,,65.6328487184866,32.8164243592433,RC3 D25 via VizieR VII/155; proxy R_eff=0.5*R25,0.25
NGC 1365,N1365,78.64746822456405,140.219275,2.12132,7.324862541113934,140.219275,,HyperLEDA rotation potential proxy,HyperLEDA PGC 13179: vrot=198.3 +/- 3.0 km/s; u_phi=vrot/sqrt(2).,1.5,0.04,,336.60553629058893,168.30276814529446,RC3 D25 via VizieR VII/155; proxy R_eff=0.5*R25,0.25
NGC 1448,N1448,54.98475013768947,130.885465,1.414214,6.695335212553705,130.885465,,HyperLEDA rotation potential proxy,HyperLEDA PGC 13727: vrot=185.1 +/- 2.0 km/s; u_phi=vrot/sqrt(2).,1.5,0.04,,227.57327250875508,113.78663625437754,RC3 D25 via VizieR VII/155; proxy R_eff=0.5*R25,0.25
NGC 1559,N1559,62.26708970400594,94.964441,1.202082,4.898021413880323,94.964441,,HyperLEDA rotation potential proxy,HyperLEDA PGC 14814: vrot=134.3 +/- 1.7 km/s; u_phi=vrot/sqrt(2).,1.5,0.04,,104.0210551357595,52.01052756787975,RC3 D25 via VizieR VII/155; proxy R_eff=0.5*R25,0.25
NGC 2442,N2442,74.50658266509885,160.301107,7.353911,10.877551160968384,160.301107,,HyperLEDA rotation potential proxy,HyperLEDA PGC 21373: vrot=226.7 +/- 10.4 km/s; u_phi=vrot/sqrt(2).,1.5,0.04,,164.86226215728738,82.43113107864369,RC3 D25 via VizieR VII/155; proxy R_eff=0.5*R25,0.25
NGC 2525,N2525,71.47271732310575,89.66114,2.192031,4.990270530763839,89.66114,,HyperLEDA rotation potential proxy,HyperLEDA PGC 22721: vrot=126.8 +/- 3.1 km/s; u_phi=vrot/sqrt(2).,1.5,0.04,,86.52094509379818,43.26047254689909,RC3 D25 via VizieR VII/155; proxy R_eff=0.5*R25,0.25
NGC 2608,N2608,76.42344785295055,73.751237,1.979899,4.185464424383085,73.751237,,HyperLEDA rotation potential proxy,HyperLEDA PGC 24111: vrot=104.3 +/- 2.8 km/s; u_phi=vrot/sqrt(2).,1.5,0.04,,68.72602958303321,34.363014791516605,RC3 D25 via VizieR VII/155; proxy R_eff=0.5*R25,0.25
NGC 3021,N3021,67.06873529200169,96.661497,2.828427,5.599876052202542,96.661497,,HyperLEDA rotation potential proxy,HyperLEDA PGC 28357: vrot=136.7 +/- 4.0 km/s; u_phi=vrot/sqrt(2).,1.5,0.04,,47.546795773833395,23.773397886916698,RC3 D25 via VizieR VII/155; proxy R_eff=0.5*R25,0.25
NGC 3147,N3147,77.92622844007276,236.597929,9.33381,15.068724535733692,236.597929,,HyperLEDA rotation potential proxy,HyperLEDA PGC 30019: vrot=334.6 +/- 13.2 km/s; u_phi=vrot/sqrt(2).,1.5,0.04,,116.7135434982842,58.3567717491421,RC3 D25 via VizieR VII/155; proxy R_eff=0.5*R25,0.25
NGC 3254,N3254,64.23566114739198,146.936789,3.181981,8.006313320651229,146.936789,,HyperLEDA rotation potential proxy,HyperLEDA PGC 30895: vrot=207.8 +/- 4.5 km/s; u_phi=vrot/sqrt(2).,1.5,0.04,,150.35617008818167,75.17808504409084,RC3 D25 via VizieR VII/155; proxy R_eff=0.5*R25,0.25
NGC 3370,N3370,65.72016878546236,105.641753,2.12132,5.6921391835304345,105.641753,,HyperLEDA rotation potential proxy,HyperLEDA PGC 32207: vrot=149.4 +/- 3.0 km/s; u_phi=vrot/sqrt(2).,1.5,0.04,,94.86832980505136,47.43416490252569,RC3 D25 via VizieR VII/155; proxy R_eff=0.5*R25,0.25
NGC 3447,N3447,56.93979111963451,32.880465,1.343503,2.123161029585265,32.880465,,HyperLEDA rotation potential proxy,HyperLEDA PGC 32694: vrot=46.5 +/- 1.9 km/s; u_phi=vrot/sqrt(2).,1.5,0.04,,111.4605687291518,55.730284364575894,RC3 D25 via VizieR VII/155; proxy R_eff=0.5*R25,0.25
NGC 3583,N3583,71.09208789414464,128.26917,4.030509,7.574790606366836,128.26917,,HyperLEDA rotation potential proxy,HyperLEDA PGC 34232: vrot=181.4 +/- 5.7 km/s; u_phi=vrot/sqrt(2).,1.5,0.04,,84.5514879379336,42.2757439689668,RC3 D25 via VizieR VII/155; proxy R_eff=0.5*R25,0.25
NGC 3972,N3972,47.66558318302936,77.781746,2.828427,4.808845944855199,77.781746,,HyperLEDA rotation potential proxy,HyperLEDA PGC 37466: vrot=110.0 +/- 4.0 km/s; u_phi=vrot/sqrt(2).,1.5,0.04,,116.7135434982842,58.3567717491421,RC3 D25 via VizieR VII/155; proxy R_eff=0.5*R25,0.25
NGC 3982,N3982,49.205037917384466,138.310086,4.666905,8.342913280284261,138.310086,,HyperLEDA rotation potential proxy,HyperLEDA PGC 37520: vrot=195.6 +/- 6.6 km/s; u_phi=vrot/sqrt(2).,1.5,0.04,,70.32686445959767,35.163432229798836,RC3 D25 via VizieR VII/155; proxy R_eff=0.5*R25,0.25
NGC 4038,N4038,80.66592711661148,119.571757,5.515433,8.134095761524856,119.571757,,HyperLEDA rotation potential proxy,HyperLEDA PGC 37967: vrot=169.1 +/- 7.8 km/s; u_phi=vrot/sqrt(2).,1.5,0.04,,157.44223807493177,78.72111903746588,RC3 D25 via VizieR VII/155; proxy R_eff=0.5*R25,0.25
NGC 4424,N4424,52.51500420151056,20.223254,0.777817,1.2757152077796556,20.223254,,HyperLEDA rotation potential proxy,HyperLEDA PGC 40809: vrot=28.6 +/- 1.1 km/s; u_phi=vrot/sqrt(2).,1.5,0.04,,108.92341643103045,54.461708215515216,RC3 D25 via VizieR VII/155; proxy R_eff=0.5*R25,0.25
NGC 4536,N4536,64.68158976416713,110.096526,1.979899,5.850052362447083,110.096526,,HyperLEDA rotation potential proxy,HyperLEDA PGC 41823: vrot=155.7 +/- 2.8 km/s; u_phi=vrot/sqrt(2).,1.5,0.04,,227.57327250875508,113.78663625437754,RC3 D25 via VizieR VII/155; proxy R_eff=0.5*R25,0.25
NGC 4639,N4639,47.25395354980978,117.309015,2.192031,6.261670097157513,117.309015,,HyperLEDA rotation potential proxy,HyperLEDA PGC 42741: vrot=165.9 +/- 3.1 km/s; u_phi=vrot/sqrt(2).,1.5,0.04,,82.62686110014499,41.313430550072496,RC3 D25 via VizieR VII/155; proxy R_eff=0.5*R25,0.25
NGC 4680,N4680,80.16272242224976,66.821591,6.010408,6.8766137659383055,66.821591,,HyperLEDA rotation potential proxy,HyperLEDA PGC 43118: vrot=94.5 +/- 8.5 km/s; u_phi=vrot/sqrt(2).,1.5,0.04,,43.363193122377815,21.681596561188908,RC3 D25 via VizieR VII/155; proxy R_eff=0.5*R25,0.25
NGC 5468,N5468,65.90454721989946,106.702413,3.11127,6.176043503972137,106.702413,,HyperLEDA rotation potential proxy,HyperLEDA PGC 50323: vrot=150.9 +/- 4.4 km/s; u_phi=vrot/sqrt(2).,1.5,0.04,,78.90803975686144,39.45401987843072,RC3 D25 via VizieR VII/155; proxy R_eff=0.5*R25,0.25
NGC 5584,N5584,79.35838535956418,88.176216,2.05061,4.862367123356344,88.176216,,HyperLEDA rotation potential proxy,HyperLEDA PGC 51344: vrot=124.7 +/- 2.9 km/s; u_phi=vrot/sqrt(2).,1.5,0.04,,101.65324684176076,50.82662342088038,RC3 D25 via VizieR VII/155; proxy R_eff=0.5*R25,0.25
NGC 5643,N5643,78.51759180620351,121.056681,3.040559,6.773610489932264,121.056681,,HyperLEDA rotation potential proxy,HyperLEDA PGC 51969: vrot=171.2 +/- 4.3 km/s; u_phi=vrot/sqrt(2).,1.5,0.04,,137.12645688446247,68.56322844223124,RC3 D25 via VizieR VII/155; proxy R_eff=0.5*R25,0.25
NGC 5728,N5728,77.96496455698828,158.674762,5.656854,9.743931312191583,158.674762,,HyperLEDA rotation potential proxy,HyperLEDA PGC 52521: vrot=224.4 +/- 8.0 km/s; u_phi=vrot/sqrt(2).,1.5,0.04,,92.70886297540773,46.354431487703856,RC3 D25 via VizieR VII/155; proxy R_eff=0.5*R25,0.25
NGC 5861,N5861,73.51365368062842,112.076425,1.555635,5.815738375750457,112.076425,,HyperLEDA rotation potential proxy,HyperLEDA PGC 54097: vrot=158.5 +/- 2.2 km/s; u_phi=vrot/sqrt(2).,1.5,0.04,,90.59855161206048,45.29927580603024,RC3 D25 via VizieR VII/155; proxy R_eff=0.5*R25,0.25
NGC 5917,N5917,72.56045021022214,65.478088,3.676955,4.923255842667976,65.478088,,HyperLEDA rotation potential proxy,HyperLEDA PGC 54809: vrot=92.6 +/- 5.2 km/s; u_phi=vrot/sqrt(2).,1.5,0.04,,45.40683745308624,22.70341872654312,RC3 D25 via VizieR VII/155; proxy R_eff=0.5*R25,0.25
NGC 7250,N7250,61.81729570560744,50.275292,2.616295,3.6282243578971465,50.275292,,HyperLEDA rotation potential proxy,HyperLEDA PGC 68535: vrot=71.1 +/- 3.7 km/s; u_phi=vrot/sqrt(2).,1.5,0.04,,52.134024862481255,26.067012431240627,RC3 D25 via VizieR VII/155; proxy R_eff=0.5*R25,0.25
NGC 7329,N7329,68.38878695365918,177.413091,2.899138,9.33239054521829,177.413091,,HyperLEDA rotation potential proxy,HyperLEDA PGC 69453: vrot=250.9 +/- 4.1 km/s; u_phi=vrot/sqrt(2).,1.5,0.04,,116.7135434982842,58.3567717491421,RC3 D25 via VizieR VII/155; proxy R_eff=0.5*R25,0.25
NGC 7541,N7541,74.38894742461176,146.936789,3.040559,7.95116651420138,146.936789,,HyperLEDA rotation potential proxy,HyperLEDA PGC 70795: vrot=207.8 +/- 4.3 km/s; u_phi=vrot/sqrt(2).,1.5,0.04,,104.0210551357595,52.01052756787975,RC3 D25 via VizieR VII/155; proxy R_eff=0.5*R25,0.25
NGC 7678,N7678,70.65732757346123,141.987042,3.252691,7.80902035989505,141.987042,,HyperLEDA rotation potential proxy,HyperLEDA PGC 71534: vrot=200.8 +/- 4.6 km/s; u_phi=vrot/sqrt(2).,1.5,0.04,,70.32686445959767,35.163432229798836,RC3 D25 via VizieR VII/155; proxy R_eff=0.5*R25,0.25
NGC 976,N976A,76.91050216781821,286.378246,11.242998,18.205390780840034,286.378246,,HyperLEDA rotation potential proxy,HyperLEDA PGC 9776: vrot=405.0 +/- 15.9 km/s; u_phi=vrot/sqrt(2).,1.5,0.04,,44.37325164504622,22.18662582252311,RC3 D25 via VizieR VII/155; proxy R_eff=0.5*R25,0.25
UGC 9391,U9391,61.22703781426295,53.527983,1.979899,3.3291308866311824,53.527983,,HyperLEDA rotation potential proxy,HyperLEDA PGC 52091: vrot=75.7 +/- 2.8 km/s; u_phi=vrot/sqrt(2).,1.5,0.04,,49.78760722312682,24.89380361156341,RC3 D25 via VizieR VII/155; proxy R_eff=0.5*R25,0.25
