CID,zHD,HOST_LOGMASS,HOST_LOGMASS_ERR,X_pred,X_pred_err
2009cz,0.02343,10.5159,0.001,3.873610076631349e-10,7.186609242246568e-08
2009cz,0.02343,10.5159,0.13,3.873610076631349e-10,7.188481518797292e-08
ASASSN-15nr,0.02344,9.88465,0.013,-7.579022041917561e-09,7.186627857728304e-08
2004bk,0.02352,7.0,-9.0,-4.3983341826429265e-08,1.344067615528898e-07
2007qe,0.02357,8.34246,-9.0,-2.7041479507633014e-08,1.344067615528898e-07
2007qe,0.02357,8.34246,0.375,-2.7041479507633014e-08,7.202174451039519e-08
ATLAS17bas,0.02357,8.18544,0.001,-2.90230739099224e-08,7.186609242246568e-08
ASASSN-15tz,0.02365,10.1999,0.005,-3.6005630219091523e-09,7.186611901604054e-08
2010ao,0.02369,8.813,0.003,-2.1103258707395857e-08,7.186610128699173e-08
2006sr,0.02388,10.7951,0.05,3.91086856796877e-09,7.186886142561532e-08
2000ca,0.02391,7.0,0.28089,-4.3983341826429265e-08,7.195346370185467e-08
PS1-14xw,0.02411,9.22547,0.007,-1.5897882047656373e-08,7.186614560960556e-08
2000bh,0.02412,9.5093,-9.0,-1.231594382830986e-08,1.344067615528898e-07
2007F,0.02417,9.63941,0.003,-1.0673953969171705e-08,7.186610128699173e-08
2007F,0.02417,9.63941,0.473,-1.0673953969171705e-08,7.211357166141302e-08
2006ac,0.02432,11.1921,-9.0,8.921013630437754e-09,1.344067615528898e-07
2006ac,0.02432,11.1921,0.098,8.921013630437754e-09,7.187673239093694e-08
ASASSN-15sf,0.02432,8.21725,0.034,-2.8621631304287283e-08,7.186737222709707e-08
2005bg,0.02434,9.73321,0.01,-9.49019677305183e-09,7.186620212089856e-08
2009D,0.02453,10.1971,0.13,-3.6358990576141995e-09,7.188481518797292e-08
2009D,0.02453,10.1971,-9.0,-3.6358990576141995e-09,1.344067615528898e-07
2009D,0.02453,10.1971,3.965,-3.6358990576141995e-09,8.757038088114186e-08
PS16ccn,0.02457,7.58621,0.013,-3.658536415119012e-08,7.186627857728304e-08
ASASSN-16hz,0.02466,9.55271,0.002,-1.176810907475373e-08,7.186609574666308e-08
2003he,0.02491,7.0,-9.0,-4.3983341826429265e-08,1.344067615528898e-07
2001cj,0.02494,7.0,-9.0,-4.3983341826429265e-08,1.344067615528898e-07
Gaia16agf,0.02509,8.65931,0.1,-2.3042828467221707e-08,7.187717111870929e-08
2007cq,0.0251,9.36898,0.004,-1.4086784017643957e-08,7.186610904345112e-08
2007cq,0.0251,9.36898,0.139,-1.4086784017643957e-08,7.188749706660148e-08
2003it,0.0251,10.4235,0.026,-7.787281706041907e-10,7.186684036300492e-08
2007cq,0.0251,9.36898,-9.0,-1.4086784017643957e-08,1.344067615528898e-07
2011dn,0.02513,9.15925,0.013,-1.673357929208129e-08,7.186627857728304e-08
2007sw,0.02517,8.41811,0.131,-2.6086775542958514e-08,7.18851043172466e-08
2012bh,0.02517,8.41938,0.003,-2.6070748126763716e-08,7.186610128699173e-08
2002bf,0.02525,10.3104,0.031,-2.2060516128340413e-09,7.186715615778436e-08
PS15ahs,0.02534,9.35319,0.015,-1.4286054018995068e-08,7.186634062878168e-08
PSNJ0153424,0.02556,10.2733,0.001,-2.674254085926208e-09,7.186609242246568e-08
SN2017hn,0.02557,10.8634,0.001,4.772815438917468e-09,7.186609242246568e-08
SN2017ms,0.02591,8.61119,0.002,-2.365010348083884e-08,7.186609574666308e-08
2005M,0.02598,8.67964,-9.0,-2.2786263607977397e-08,1.344067615528898e-07
2005M,0.02598,8.67964,0.01,-2.2786263607977397e-08,7.186620212089856e-08
2005M,0.02598,8.67964,0.034,-2.2786263607977397e-08,7.186737222709707e-08
SN2017mf,0.02598,10.508,0.013,2.8766290692381514e-10,7.186627857728304e-08
2005ms,0.02669,8.49436,0.102,-2.5124499570632932e-08,7.187761870690937e-08
1999gp,0.02691,10.9727,0.28089,6.152182832690416e-09,7.195346370185467e-08
1999gp,0.02691,10.9727,-9.0,6.152182832690416e-09,1.344067615528898e-07
ASASSN-17at,0.02713,10.1022,0.0,-4.8335382677610845e-09,7.186609131439985e-08
2013fn,0.0273,7.2614,0.036,-4.068447049310586e-08,7.186752735338251e-08
2002eb,0.02731,7.0,-9.0,-4.3983341826429265e-08,1.344067615528898e-07
2007co,0.02731,9.81719,-9.0,-8.430368102154756e-09,1.344067615528898e-07
2007co,0.02731,9.81719,0.008,-8.430368102154756e-09,7.18661622305787e-08
2007co,0.02731,9.81719,3.818,-8.430368102154756e-09,8.652373477912421e-08
1992P,0.02736,10.1744,-9.0,-3.92237334708033e-09,1.344067615528898e-07
2005na,0.02748,8.83614,0.04,-2.0811231612318957e-08,7.186786419787795e-08
2005na,0.02748,8.83614,3.0,-2.0811231612318957e-08,8.122879771061809e-08
2005na,0.02748,8.83614,-9.0,-2.0811231612318957e-08,1.344067615528898e-07
2010ii,0.02805,7.97988,0.002,-3.161724373118468e-08,7.186609574666308e-08
PSNJ0252467,0.02816,7.0,0.083,-4.3983341826429265e-08,7.187372437461775e-08
2009aa,0.02819,9.29935,0.02,-1.4965515505552558e-08,7.186653453936957e-08
2011hb,0.0282,11.031,0.004,6.887929576121009e-09,7.186610904345112e-08
2005eq,0.02823,10.3697,-9.0,-1.4576848566516457e-09,1.344067615528898e-07
2005eq,0.02823,10.3697,0.14,-1.4576848566516457e-09,7.188780612425192e-08
2005eq,0.02823,10.3697,0.478,-1.4576848566516457e-09,7.211882224161856e-08
2009ad,0.02844,10.4871,3.5,2.3904640410982496e-11,8.435477415975993e-08
2009ad,0.02844,10.4871,0.04,2.3904640410982496e-11,7.186786419787795e-08
2008ar,0.02849,9.98914,-9.0,-6.260356909480821e-09,1.344067615528898e-07
2008ar,0.02849,9.98914,0.05,-6.260356909480821e-09,7.186886142561532e-08
2008ar,0.02849,9.98914,0.052,-6.260356909480821e-09,7.186908746197879e-08
2007is,0.02866,10.7887,0.067,3.830100486357207e-09,7.18710652498352e-08
1998ab,0.02873,10.3527,0.18,-1.6722250734324218e-09,7.190198368472033e-08
ASASSN-15la,0.02902,10.5989,0.125,1.4348220660634633e-09,7.188340275813783e-08
1996C,0.02913,9.36646,0.19,-1.4118586449778534e-08,7.190608136499065e-08
PS16cvc,0.02915,7.95752,0.258,-3.189942721631517e-08,7.19398107987175e-08
ASASSN-15fs,0.02917,10.0517,0.001,-5.470848911727538e-09,7.186609242246568e-08
PSNJ0859349,0.02938,10.2177,0.01,-3.3759267949269077e-09,7.186620212089856e-08
LSQ12gdj,0.02947,8.87386,0.083,-2.033520473132064e-08,7.187372437461775e-08
2000cw,0.02949,7.0,-9.0,-4.3983341826429265e-08,1.344067615528898e-07
2002de,0.0295,9.07466,-9.0,-1.7801106170756987e-08,1.344067615528898e-07
ASASSN-16hh,0.02978,7.0,-9.0,-4.3983341826429265e-08,1.344067615528898e-07
Gaia16bba,0.0299,7.97207,0.023,-3.171580603077631e-08,7.186667747883938e-08
2004ef,0.03012,10.3255,-9.0,-2.01548942028169e-09,1.344067615528898e-07
2004ef,0.03012,10.3255,0.02,-2.01548942028169e-09,7.186653453936957e-08
2004ef,0.03012,10.3255,0.049,-2.01548942028169e-09,7.186875173124153e-08
AT2017lm,0.03031,9.52589,0.013,-1.2106577816757281e-08,7.186627857728304e-08
ASASSN-16hr,0.03083,9.46113,0.003,-1.2923849842564582e-08,7.186610128699173e-08
1990O,0.03091,10.4738,-9.0,-1.4394152918809763e-10,1.344067615528898e-07
2008gg,0.03114,10.9334,-9.0,5.656216331544257e-09,1.344067615528898e-07
2008gg,0.03114,10.9334,0.48,5.656216331544257e-09,7.212093782477632e-08
1999cc,0.03116,11.2896,0.095,1.0151464873739325e-08,7.187609091293437e-08
2007bd,0.0312,10.4344,0.002,-6.411700316094632e-10,7.186609574666308e-08
2007bd,0.0312,10.4344,0.16,-6.411700316094632e-10,7.189445220383258e-08
2007bd,0.0312,10.4344,0.442,-6.411700316094632e-10,7.208224243133886e-08
ASASSN-15hg,0.03143,10.2789,0.006,-2.6035820145160607e-09,7.186613120475906e-08
ATLAS17axb,0.03143,9.60754,0.002,-1.1076153775571939e-08,7.186609574666308e-08
CSS160428,0.03148,10.078,0.1,-5.1389425763549186e-09,7.187717111870929e-08
2000dn,0.03148,7.0,-9.0,-4.3983341826429265e-08,1.344067615528898e-07
2006en,0.03162,10.183,-9.0,-3.813841237414748e-09,1.344067615528898e-07
2006en,0.03162,10.183,0.058,-3.813841237414748e-09,7.186981875122534e-08
2008bq,0.03166,10.9133,10.0,5.40255407523284e-09,1.4522812147238204e-07
ASASSN-16oz,0.03192,8.01111,0.008,-3.12231207329456e-08,7.18661622305787e-08
2006az,0.03201,11.1124,0.021,7.9151986141184e-09,7.186657996977452e-08
010026,0.03236,9.61222,0.01,-1.1017092115893445e-08,7.186620212089856e-08
AT2017po,0.03255,8.98827,0.082,-1.8891349072385942e-08,7.187354156293828e-08
2007ux,0.03264,10.0948,0.01,-4.926926362124503e-09,7.186620212089856e-08
ASASSN-15pr,0.03264,9.55707,0.002,-1.1713085819155833e-08,7.186609574666308e-08
SN2016hpx,0.03282,9.09468,0.013,-1.7548453515465733e-08,7.186627857728304e-08
SN2017cii,0.03289,8.8988,0.002,-2.002046161329048e-08,7.186609574666308e-08
2006te,0.0329,10.4808,0.076,-5.560143992542667e-11,7.187249121773293e-08
2004as,0.03296,8.76504,-9.0,-2.1708514518972716e-08,1.344067615528898e-07
2004as,0.03296,8.76504,0.06,-2.1708514518972716e-08,7.187008024072562e-08
2008gp,0.03333,10.4696,-9.0,-1.969455827457214e-10,1.344067615528898e-07
2010ag,0.03335,10.6105,0.461,1.5812142139844526e-09,7.210119401759717e-08
2005iq,0.03341,10.49,0.28089,6.050267739123643e-11,7.195346370185467e-08
2005iq,0.03341,10.49,0.17,6.050267739123643e-11,7.189810728573662e-08
PS15bsq,0.03371,10.9397,0.013,5.735722411880666e-09,7.186627857728304e-08
2004L,0.03373,10.1437,0.047,-4.309807738560907e-09,7.186853899016063e-08
2003gn,0.03375,7.0,-9.0,-4.3983341826429265e-08,1.344067615528898e-07
2003cq,0.03378,10.4839,0.037,-1.6479400394812214e-11,7.18676082405271e-08
2006S,0.03393,10.2024,0.087,-3.5690129900296194e-09,7.187447777542029e-08
2006gr,0.03428,10.0957,-9.0,-4.915568350647854e-09,1.344067615528898e-07
2006gr,0.03428,10.0957,0.432,-4.915568350647854e-09,7.207258632976403e-08
ASASSN-16dw,0.03437,10.1423,0.001,-4.327475756413457e-09,7.186609242246568e-08
1996bl,0.03459,10.1459,0.16,-4.282043710506941e-09,7.189445220383258e-08
2003kc,0.03479,10.3635,0.045,-1.5359289357128481e-09,7.186833511270048e-08
ASASSN-15jl,0.03512,8.79586,0.142,-2.1319565725961914e-08,7.188843088189615e-08
1992bg,0.03515,10.4968,0.28089,1.4631876410354689e-10,7.195346370185467e-08
ASASSN-15tg,0.03529,10.227,0.004,-3.2585606763350643e-09,7.186610904345112e-08
PTSS-16efw,0.03568,9.96056,0.006,-6.621036873927608e-09,7.186613120475906e-08
2016fbk,0.03576,10.765,0.002,3.531006184139274e-09,7.186609574666308e-08
1994T,0.03583,10.2173,0.19,-3.3809748000276287e-09,7.190608136499065e-08
ASASSN-15mi,0.03585,9.51083,0.297,-1.2296635208799571e-08,7.196376631791754e-08
ASASSN-15ss,0.03599,10.7564,0.104,3.4224740744736924e-09,7.187807515537162e-08
2001ck,0.03616,7.0,-9.0,-4.3983341826429265e-08,1.344067615528898e-07
PS15bbn,0.03624,7.94021,0.012,-3.2117879637049014e-08,7.186625087570386e-08
2008hj,0.03682,9.9461,0.39,-6.80352225831879e-09,7.203443096883556e-08
2008hj,0.03682,9.9461,0.155,-6.80352225831879e-09,7.189270766741399e-08
2002hu,0.03705,10.099,4.71,-4.873922308566879e-09,9.326242328468915e-08
2000cf,0.03707,9.49238,0.28089,-1.2529474444070487e-08,7.195346370185467e-08
2001eh,0.03725,11.1794,-9.0,8.760739468489755e-09,1.344067615528898e-07
2001eh,0.03725,11.1794,3.186,8.760739468489755e-09,8.234905542518989e-08
ASASSN-16db,0.0373,10.678,0.013,2.4330650747317088e-09,7.186627857728304e-08
AT2016hns,0.0374,10.4701,0.017,-1.9063557636979363e-10,7.186641154471451e-08
ASASSN-15bc,0.03753,8.86694,0.011,-2.0422535219563186e-08,7.186622539024158e-08
2007jg,0.03756,8.21426,-9.0,-2.8659365142415202e-08,1.344067615528898e-07
2007jg,0.03756,8.21426,10.0,-2.8659365142415202e-08,1.4522812147238204e-07
2008gb,0.03796,9.17934,4.495,-1.6480043235897415e-08,9.155699190955118e-08
2007O,0.03818,10.8351,-9.0,4.415669078041217e-09,1.344067615528898e-07
2007O,0.03818,10.8351,0.031,4.415669078041217e-09,7.186715615778436e-08
2008fr,0.03828,8.07746,0.075,-3.0385782886862946e-08,7.187232391449505e-08
2009bv,0.03848,10.123,0.342,-4.571042002523432e-09,7.199557847352023e-08
2008051,0.03873,8.26419,0.0,-2.8029247905717284e-08,7.186609131439985e-08
ASASSN-15np,0.03884,10.1408,0.001,-4.346405775541161e-09,7.186609242246568e-08
2008dr,0.04014,11.3888,-9.0,1.1403370138718988e-08,1.344067615528898e-07
PS15cze,0.04035,10.4136,0.013,-9.036662968471156e-10,7.186627857728304e-08
2003fa,0.04056,10.3091,-9.0,-2.222457629411358e-09,1.344067615528898e-07
2003fa,0.04056,10.3091,4.257,-2.222457629411358e-09,8.972702031302031e-08
PS16axi,0.04089,10.1805,0.001,-3.845391269294281e-09,7.186609242246568e-08
2009do,0.04099,10.4649,0.02,-2.5625964267921996e-10,7.186653453936957e-08
2001az,0.04101,10.239,0.059,-3.1071205233133275e-09,7.186994838808804e-08
1992bl,0.04222,10.8343,0.28089,4.405573067839775e-09,7.195346370185467e-08
2014bj,0.04258,7.87303,-9.0,-3.2965692093715686e-08,1.344067615528898e-07
2006cf,0.04268,10.9479,0.01,5.8392065164455e-09,7.186620212089856e-08
2007kk,0.04285,10.8891,0.002,5.097149766639006e-09,7.186609574666308e-08
2007kk,0.04285,10.8891,0.048,5.097149766639006e-09,7.186864425275333e-08
AT2016htm,0.04289,9.40838,0.014,-1.3589555515222618e-08,7.186630849497658e-08
MASTERJ0134,0.04369,9.19675,0.002,-1.626032881388839e-08,7.186609574666308e-08
ASASSN-15mg,0.04408,9.84386,0.029,-8.093792362063948e-09,7.186702319173056e-08
AT2016cvv,0.04438,11.4594,0.034,1.2294343038996858e-08,7.186737222709707e-08
2005ku,0.04439,9.64568,0.61,-1.0594826489217855e-08,7.227722659186798e-08
1992bh,0.0444,10.1363,0.3,-4.4031958329243255e-09,7.196574814296512e-08
PSNJ1204051,0.04545,10.0939,0.002,-4.938284373601125e-09,7.186609574666308e-08
2005hc,0.04575,7.0,0.161,-4.3983341826429265e-08,7.189480775177637e-08
2005hc,0.04575,7.0,0.14,-4.3983341826429265e-08,7.188780612425192e-08
2008050,0.04625,9.02736,0.0,-1.839803277391766e-08,7.186609131439985e-08
2005lz,0.04643,11.0342,3.553,6.928313616926804e-09,8.470692126359171e-08
360156,0.04656,9.8038,0.045,-8.599350072901488e-09,7.186833511270048e-08
2008cf,0.04682,8.91208,0.34,-1.9852867843946432e-08,7.199406977422652e-08
2008cf,0.04682,8.91208,0.0,-1.9852867843946432e-08,7.186609131439985e-08
AT2017yk,0.04691,10.0803,0.003,-5.109916547025746e-09,7.186610128699173e-08
PS16fa,0.0476,10.2881,0.013,-2.487477897199424e-09,7.186627857728304e-08
PS15aii,0.04777,10.3823,0.012,-1.2986726959788009e-09,7.186625087570386e-08
PS17akj,0.04777,8.85712,0.005,-2.0546463744785962e-08,7.186611901604054e-08
ASASSN-15pm,0.04837,10.292,0.097,-2.438259847467341e-09,7.187651634976197e-08
1995ac,0.0486,10.3844,0.07,-1.2721706692000155e-09,7.187152063193564e-08
PS16el,0.0494,9.98418,0.001,-6.322952172729825e-09,7.186609242246568e-08
2006cq,0.04944,10.6551,0.401,2.144066782715218e-09,7.204404907658095e-08
PS15asb,0.04989,10.2884,0.1,-2.4836918933738833e-09,7.187717111870929e-08
PS16dnp,0.05023,8.04941,0.285,-3.0739774244551246e-08,7.195603767469691e-08
2007kh,0.05032,9.56783,0.063,-1.1577294481946348e-08,7.187048909316469e-08
PS16fbb,0.05106,8.77965,0.014,-2.1524136132668764e-08,7.186630849497658e-08
ASASSN-16hc,0.05151,10.7547,0.001,3.4010200527956016e-09,7.186609242246568e-08
2006ot,0.05202,11.3736,0.17,1.1211545944891456e-08,7.189810728573662e-08
AT2016htn,0.05222,10.2648,0.001,-2.7815241943166093e-09,7.186609242246568e-08
PS16evk,0.05262,9.93232,0.001,-6.977426034038741e-09,7.186609242246568e-08
2010dt,0.05316,10.1659,0.441,-4.0296434554707046e-09,7.208126693656897e-08
2006lu,0.05346,10.0668,0.14,-5.280286719175187e-09,7.188780612425192e-08
PS16ayd,0.05469,10.4328,0.024,-6.613620520123473e-10,7.186672955749027e-08
490007,0.05541,9.16275,0.067,-1.668940924744994e-08,7.18710652498352e-08
PS16aer,0.05693,10.2711,0.012,-2.7020181139802e-09,7.186625087570386e-08
2005hj,0.05708,9.22407,0.13,-1.591555006550891e-08,7.188481518797292e-08
2008eq,0.05728,10.1809,0.004,-3.84034326419356e-09,7.186610904345112e-08
SN2016gmb,0.0583,9.39885,0.003,-1.3709824236747381e-08,7.186610128699173e-08
2001ah,0.05886,10.5719,0.02,1.0940817217645556e-09,7.186653453936957e-08
2008bz,0.06099,10.3562,0.0,-1.6280550288010863e-09,7.186609131439985e-08
2008bz,0.06099,10.3562,0.016,-1.6280550288010863e-09,7.186637497869537e-08
2006oa,0.06153,8.11091,0.115,-2.996364346031486e-08,7.188074399139314e-08
1992bs,0.06372,10.5104,0.28089,3.1795093752819426e-10,7.195346370185467e-08
2007ae,0.06533,10.8837,3.812,5.029001697779219e-09,8.648159076451859e-08
PS15cms,0.06627,10.4286,0.001,-7.143661055699711e-10,7.186609242246568e-08
6057,0.06654,9.52798,0.049,-1.2080201990106024e-08,7.186875173124153e-08
SN2016ixf,0.06711,9.99601,0.018,-6.173657421875889e-09,7.186645032683568e-08
1993B,0.07023,9.39781,-9.0,-1.3722949050009259e-08,1.344067615528898e-07
2008Y,0.07056,10.544,0.004,7.419833659890255e-10,7.186610904345112e-08
2008Y,0.07056,10.544,0.072,7.419833659890255e-10,7.187183529817337e-08
PS15bwh,0.07158,10.6434,0.1,1.9964126335190485e-09,7.187717111870929e-08
Gaia16aki,0.07393,9.48062,0.013,-1.2677885794031776e-08,7.186627857728304e-08
PS17bii,0.07446,10.167,0.002,-4.015761441443722e-09,7.186609574666308e-08
2005ir,0.0752,9.78987,0.09,-8.775146850534209e-09,7.187506608732051e-08
370333,0.07588,7.99137,0.1,-3.147223978466636e-08,7.187717111870929e-08
2007hx,0.07875,10.2646,0.11,-2.78404819686697e-09,7.187949766062722e-08
560033,0.07895,9.07144,0.368,-1.7841742611817813e-08,7.201599368544649e-08
12779,0.07906,10.332,0.083,-1.933459337394894e-09,7.187372437461775e-08
PS15bzz,0.07931,10.4626,0.053,-2.8528567200839236e-10,7.186920380394756e-08
350316,0.07991,8.61131,0.566,-2.364858907930864e-08,7.222019447526098e-08
2005ag,0.08009,10.69,0.12,2.5845052277534455e-09,7.1882045691566e-08
12950,0.08167,9.42557,0.04,-1.337261749601897e-08,7.186786419787795e-08
SN2016glp,0.0841,10.5245,0.014,4.958931173287164e-10,7.186630849497658e-08
3592,0.08572,10.1853,0.057,-3.784815208085602e-09,7.186969133014951e-08
SN2016grz,0.08704,8.99392,0.027,-1.8820046000338218e-08,7.18668990898584e-08
1241,0.0887,9.91509,0.103,-7.194868853752463e-09,7.187784582361819e-08
590194,0.09039,9.75408,0.014,-9.22681710692153e-09,7.186630849497658e-08
370066,0.09089,9.12019,0.034,-1.722651699016704e-08,7.186737222709707e-08
300105,0.09205,9.04492,0.059,-1.8176425349995863e-08,7.186994838808804e-08
iPTF17dz,0.09293,8.80725,0.138,-2.1175823780718775e-08,7.18871902231036e-08
160099,0.10165,9.5937,0.288,-1.1250814752056982e-08,7.195794003373965e-08
000190,0.10221,7.0,0.52,-4.3983341826429265e-08,7.216509032488968e-08
140181,0.10246,9.67327,0.008,-1.0246640337395395e-08,7.18661622305787e-08
18697,0.10661,9.67706,0.043,-1.019881048906602e-08,7.186814009893654e-08
20625,0.10707,10.0166,0.048,-5.9138113593161e-09,7.186864425275333e-08
21034,0.10774,10.0033,0.041,-6.081657528915206e-09,7.186795394894096e-08
500038,0.10794,9.73659,0.104,-9.447541129950732e-09,7.187807515537162e-08
020027,0.11001,10.0054,0.107,-6.055155502136394e-09,7.187877644068648e-08
18650,0.11259,8.53633,0.076,-2.4594837635439426e-08,7.187249121773293e-08
18612,0.11388,10.2452,0.092,-3.0288764442520986e-09,7.187546937179226e-08
8719,0.1165,8.80164,0.07,-2.1246622052256424e-08,7.187152063193564e-08
5395,0.11653,8.49999,0.075,-2.5053448898840225e-08,7.187232391449505e-08
2561,0.1176,7.0,0.033,-4.3983341826429265e-08,7.186729798797057e-08
490008,0.12086,8.89488,0.429,-2.006993206327757e-08,7.206973233948309e-08
19953,0.12207,9.37542,0.063,-1.4005511135522306e-08,7.187048909316469e-08
16021,0.12357,9.49127,0.06,-1.2543482658224999e-08,7.187008024072562e-08
6406,0.12393,10.0062,0.054,-6.045059491934952e-09,7.186932236176009e-08
19543,0.12405,8.61533,0.101,-2.3597856628046347e-08,7.187739380526613e-08
13044,0.12472,10.0637,0.062,-5.319408758705801e-09,7.187035059327644e-08
2992,0.12623,9.72723,0.057,-9.565664449307667e-09,7.186969133014951e-08
744,0.1271,9.90923,0.075,-7.268822128478037e-09,7.187232391449505e-08
14871,0.1272,9.14823,0.07,-1.6872651832606255e-08,7.187152063193564e-08
18855,0.12732,9.82915,0.065,-8.27943274964308e-09,7.187077274010277e-08
15508,0.13372,9.13587,0.068,-1.7028635190218625e-08,7.187121482821561e-08
15234,0.13535,9.98362,0.061,-6.330019379870845e-09,7.18702143091259e-08
000014,0.13614,9.80415,0.048,-8.594933068438357e-09,7.186864425275333e-08
17629,0.13658,10.6342,0.056,1.8803085162023854e-09,7.186956612487234e-08
19775,0.137,10.0494,0.104,-5.4998749410567104e-09,7.187807515537162e-08
18602,0.13713,8.85232,0.106,-2.060703980599464e-08,7.187854046392728e-08
17366,0.13822,10.2891,0.056,-2.4748578844476215e-09,7.186956612487234e-08
15171,0.13826,9.85121,0.142,-8.001035268338146e-09,7.188843088189615e-08
190340,0.1384,10.0088,0.034,-6.012247458780213e-09,7.186737222709707e-08
20084,0.13851,9.92013,0.096,-7.131263989483309e-09,7.187630252375452e-08
090275,0.13955,10.184,0.008,-3.801221224662946e-09,7.18661622305787e-08
1794,0.14082,11.0328,0.076,6.9106455990742535e-09,7.187249121773293e-08
340229,0.14123,9.69378,0.1,-9.987803875855755e-09,7.187717111870929e-08
2635,0.14325,9.59628,0.054,-1.1218255119157326e-08,7.186932236176009e-08
17497,0.14404,10.0189,0.052,-5.884785329986927e-09,7.186908746197879e-08
8921,0.14423,9.52063,0.058,-1.2172959083831826e-08,7.186981875122534e-08
13796,0.14747,9.66952,0.055,-1.0293965385214681e-08,7.186944313540542e-08
14024,0.14771,10.7329,0.198,3.1259037748061466e-09,7.190951880638123e-08
180166,0.14778,10.0333,0.078,-5.703057146360864e-09,7.187283247081214e-08
13736,0.14898,9.07749,0.08,-1.776539153466938e-08,7.187318258592377e-08
