anchor_convention,model,n_params,chi2,delta_chi2,AIC,BIC,H0,cond_number,rank,kappa0_6,kappa0_6_err,kappa0_6_sig,kappaP_6,kappaP_6_err,kappaP_6_sig,kappaZ_6,kappaZ_6_err,kappaZ_6_sig,corr_kappaP_kappaZ
anchor_screened_physical,baseline,46,3552.706270469551,0.0,3644.706270469551,3927.9584931685886,73.04342157542906,205.2896854064599,46,,,,,,,,,,
anchor_screened_physical,kappa0_only,47,3552.683657032441,0.022613437110067025,3646.683657032441,3936.093536746675,72.92363393224504,212.1921006432926,47,55687.21274394751,370315.75749637134,0.1503776483086685,,,,,,,
anchor_screened_physical,kappaP_only,47,3550.5881739333745,2.118096536176381,3644.5881739333745,3933.9980536476087,73.67112491326846,206.3421478672967,47,,,,-485142.24518722197,333346.74498075113,1.4553681789070303,,,,
anchor_screened_physical,kappaZ_only,47,3550.8615684265637,1.8447020429871372,3644.8615684265637,3934.271448140798,72.66276836410456,279.116550345052,47,,,,,,,-1826047.1517557206,1344463.0569774709,1.3581980867967571,
anchor_screened_physical,kappa0_plus_kappaP,48,3548.949213803477,3.7570566660738223,3644.949213803477,3940.5167505329077,72.8053639322627,214.93265247608394,48,592739.1267270582,462998.30547735933,1.2802187820448583,-805408.778388064,416776.6964763666,1.932470757596052,,,,
anchor_screened_physical,kappaP_plus_kappaZ,48,3549.3233573483426,3.3829131212082757,3645.3233573483426,3940.8908940777733,73.26364553618835,288.58778789007516,48,,,,-419686.39146346285,338389.53202764643,1.2402463780385928,-1534911.5359707077,1364801.761317142,1.1246406470705286,-0.1719957818021084
anchor_screened_physical,kappa0_kappaP_kappaZ,49,3547.8771675623857,4.829102907165179,3645.8771675623857,3947.602361307013,72.48345571281943,290.51504437975234,49,558231.4487039165,464196.2785870427,1.2025763119064752,-726346.0861209596,423714.09621037566,1.7142363037181705,-1416767.5019698655,1368333.082686497,1.0353966588224817,-0.18021541129582136
anchor_reference_zero,baseline,46,3552.706270469551,0.0,3644.706270469551,3927.9584931685886,73.04342157542906,205.2896854064599,46,,,,,,,,,,
anchor_reference_zero,kappa0_only,47,3552.6944143494943,0.011856120056563668,3646.6944143494943,3936.1042940637285,72.96038257884885,211.24324653179505,47,40393.22525011862,370968.67352295737,0.10888581201889246,,,,,,,
anchor_reference_zero,kappaP_only,47,3551.3309840810275,1.3752863885233637,3645.3309840810275,3934.7408637952617,73.77394384470483,206.49796147599284,47,,,,-529196.556958412,451253.34848966316,1.1727260500772425,,,,
anchor_reference_zero,kappaZ_only,47,3544.372975585275,8.333294884275801,3638.372975585275,3927.7828552995093,72.16253305916803,296.2917997136365,47,,,,,,,-4740570.7466276,1642185.6664408525,2.8867446863678636,
anchor_reference_zero,kappa0_plus_kappaP,48,3547.8224994133793,4.883771056171554,3643.8224994133793,3939.39003614281,72.93653313350556,213.86753247744883,48,1215256.637399303,648796.0696111075,1.8730949435740811,-1741972.3576141323,789207.8760144342,2.207241476619872,,,,
anchor_reference_zero,kappaP_plus_kappaZ,48,3543.7743886163366,8.931881853214236,3639.7743886163366,3935.3419253457673,72.67629708896075,306.95987871785456,48,,,,-352645.8879291245,455800.9174320667,0.7736840239723376,-4559740.227266327,1658735.022937288,2.7489262384970554,-0.1409065189735313
anchor_reference_zero,kappa0_kappaP_kappaZ,49,3541.1042044569795,11.602066012571413,3639.1042044569795,3940.8293982016066,72.0107448680848,309.1429813150369,49,1064433.457673717,651400.2327752751,1.6340698147108788,-1424318.9494937062,798666.5837893684,1.7833711568798283,-4316644.138772988,1665392.9187664648,2.591967391076858,-0.15344702465402865
