parameter,value,error,source_id,normalized_name,ra,dec,pgc,host_logmass,z_hd,z_hd_err,z_cmb,z_cmb_err,z_hel,z_hel_err,vpec,vpecerr,m_b_corr,m_b_corr_err,pantheon_id,separation_arcsec,sigma_measured,sigma_inferred,r25_arcsec,r_eff_arcsec,sigma_corrected,sigma_delta,distance_mpc,velocity,h0_derived,h0_vpec_corrected,vpec_source,pgc_int,tully_nest,tully_nmb,tully_logpK,tully_mvir_tmsun,tully_mlum_tmsun,tully_is_group,tully_is_cluster,rho_local,shear_suppression,effective_coupling,mu_corrected,dist_corrected,h0_corrected
mu_M101,29.159512677897723,0.038751213399772,M101,M 101,210.80242916666668,54.34875,50063,10.677,0.00122,0.00084,0.00122,2e-05,0.00082,2e-05,0.0,250.0,9.74571,1.51621,2011fe,276.69850762743545,28.0,28.0,865.2094509379817,432.60472546899086,28.0,0.0,6.79051222757895,365.74679876,53.86144468963003,65.78985263373578,manticore,50063,101379.0,3.0,9.29,,0.967,True,False,0.0088657454123207,0.8089374852214118,2729751.125676454,28.898057679000743,6.020208544472204,60.7531775781806
mu_M1337,32.91556155810909,0.0821191889374247,M1337,Mrk 1337,193.144622899,-9.776590111,43690,9.554,0.00925,0.00084,0.00966,5e-05,0.00853,5e-05,120.873,250.0,13.6384,0.28515,2006D,13.79293217825751,94.0,94.0,36.90806312437145,18.45403156218573,94.0,0.0,38.29237573028548,2773.0802364999995,72.41859988088353,71.58070221566702,manticore,43690,112531.0,1.0,9.4,,0.516,False,False,0.0479828376277319,0.9320652847719616,3145244.6039310596,32.9395152783458,38.717120992194246,71.62413334036587
mu_N0691,32.82220038569184,0.0876811481466406,N0691,NGC 0691,27.673786536389997,21.759970445709996,6793,10.827,0.00855,0.00084,0.00861,2e-05,0.00954,2e-05,15.8947,250.0,13.599,0.316884,2005W,56.216102101318214,108.0,108.0,104.0210551357595,52.01052756787975,108.0,0.0,36.6809079554221,2563.2255159,69.87900951129835,66.36185413780575,manticore,6793,200365.0,7.0,10.04,4.31,15.8,True,True,0.0457196220245333,0.6003785127459529,2025971.043425743,32.79986280026215,36.305511520151725,70.60155355412792
mu_N1015,32.61774808180638,0.0600767417564431,N1015,NGC 1015,39.54813215151,-1.3187773861799998,9988,9.906,0.00815,0.00084,0.00801,2e-05,0.00877,2e-05,-43.0674,250.0,13.1181,0.370944,2009ig,22.619141847191106,106.5,106.5,78.90803975686144,39.45401987843072,106.5,0.0,33.384864382407756,2443.308532699999,73.18611526208588,71.06027334441141,manticore,9988,211363.0,1.0,9.5,,1.03,False,False,0.0166637988146951,0.939605410141616,3170688.6785246884,32.73262046974019,35.19849495328077,69.41514220829671
mu_N105A,34.49337496345146,0.1193578058476689,N105A,NGC 105,6.31979949466,12.88386496266,1583,10.123,0.01682,0.00085,0.01646,9e-05,0.01765,9e-05,-104.478,250.0,15.2119,0.357309,2007A,10.6587383123222,85.0,85.0,33.66055362905891,16.830276814529455,85.0,0.0,79.19084784331912,5042.509143560001,63.67540291444687,63.67540291444687,pantheon_plus,1583,210125.0,1.0,9.6,,2.47,False,False,0.026509277090668,0.9380123350956292,3165312.863360332,34.462564093741946,78.07514846608095,64.58532891231931
mu_N1309,32.50896360923542,0.0506780279748097,N1309,NGC 1309,50.52731207393,-15.39994213692,12626,9.89,0.00719,0.00085,0.00668,0.00015,0.00719,0.00015,-152.591,250.0,13.1893,0.299093,2002fk,12.667845748593429,89.0,89.0,65.6328487184866,32.8164243592433,89.0,0.0,31.75358187994875,2155.50777302,67.88235044378177,68.73598158758404,manticore,12626,211466.0,1.0,9.37,,0.927,False,False,0.0324372999804507,0.9367067264459416,3160907.1005587694,32.502276769707244,31.65595019266483,68.09170977023663
mu_N1365,31.32541543530435,0.0500632419879221,N1365,NGC 1365,53.40190833333333,-36.140658333333334,13179,10.732,0.00483,0.00085,0.0046,0.00015,0.00492,0.00015,-67.5086,250.0,11.8801,0.446066,2012fr,49.12435147914281,151.0,151.0,336.60553629058893,168.30276814529446,151.0,0.0,18.411242025051543,1447.99757214,78.64746822456405,75.82569958617941,manticore,13179,200015.0,49.0,10.75,80.5,106.0,True,True,0.0085738049945565,0.1292709906890824,436223.6128225014,31.150816233159574,16.988821240032646,85.23237437615288
mu_N1448,31.295113402826544,0.0357285514707881,N1448,NGC 1448,56.132979166666665,-44.644827777777785,13727,11.28,0.00333,0.00084,0.00357,1e-05,0.00379,1e-05,71.5597,250.0,12.2481,0.590389,2001el,22.90363879961533,95.0,95.0,227.57327250875508,113.78663625437754,95.0,0.0,18.156104786146987,998.30888514,54.98475013768947,61.48119809881797,manticore,13727,201169.0,3.0,9.69,,2.0,True,False,0.1021773937844587,0.7767538942827126,2621147.932972164,31.27305324383228,17.972589242406844,55.54619157402548
mu_N1559,31.46078272204373,0.051633381831437,N1559,NGC 1559,64.3989619176,-62.78368099094,14814,10.375,0.00407,0.00084,0.00435,1e-05,0.00435,1e-05,86.1777,250.0,12.1403,0.475638,2005df,53.73434934545543,73.0,73.0,104.0210551357595,52.01052756787975,73.0,0.0,19.595508797025108,1220.15530406,62.26708970400594,71.29680615958796,manticore,14814,211346.0,1.0,10.29,,1.06,False,False,0.105913965706493,0.9002537074957554,3037896.7674594945,31.3556420045399,18.66931575066217,65.35618768013622
mu_N2442,31.465229402600546,0.0546366996015777,N2442,NGC 2442,114.09904189399002,-69.53083273787,21373,12.198,0.00488,0.00084,0.00515,2e-05,0.00476,2e-05,80.5777,250.0,12.1943,0.44745,2015F,97.30833663300191,144.0,144.0,164.86226215728738,82.43113107864369,144.0,0.0,19.635677046362613,1462.98719504,74.50658266509885,70.17487379969172,manticore,21373,200281.0,7.0,9.98,2.93,11.2,True,True,1.7590785024885696,0.0452552109827726,152713.23851327822,31.215196166332227,17.50004773300554,83.5990402632313
mu_N2525,32.01138450158729,0.0606591197975919,N2525,NGC 2525,121.40849930031004,-11.427045532359998,22721,10.06,0.00602,0.00085,0.00596,0.00015,0.0051,0.00015,-18.777,250.0,12.6874,0.343274,2018gv,64.37758304478739,82.0,82.0,86.52094509379818,43.26047254689909,82.0,0.0,25.250902228906284,1804.75059716,71.47271732310575,69.7703010256481,manticore,22721,102238.0,2.0,9.39,,2.15,True,False,0.0416478092606596,0.8673780517816048,2926958.2093724115,31.945096579690553,24.49172170251619,73.68818815929085
mu_N2608,32.62780095307227,0.1148434167441644,N2608,NGC 2608,128.82220753716,28.473398979510005,24111,10.449,0.00855,0.00084,0.00796,1e-05,0.00719,1e-05,-174.166,250.0,13.4398,0.358202,2001bg,28.266810170056942,87.0,87.0,68.72602958303321,34.363014791516605,87.0,0.0,33.53977853540456,2563.2255159,76.42344785295055,76.84451353664586,manticore,24111,111917.0,1.0,9.47,,1.08,False,False,0.0868444943597782,0.9131026981487538,3081255.5527050914,32.60202635855043,33.14402681927742,77.33597157268657
mu_N3021,32.391578250894156,0.0966189000632787,N3021,NGC 3021,147.73810673169,33.55359289002,28357,10.296,0.00673,0.00084,0.00592,6e-05,0.00504,6e-05,-242.468,250.0,13.1063,0.358431,1995al,15.732375475256568,55.7,55.7,47.546795773833395,23.773397886916698,55.7,0.0,30.082619473228835,2017.60324234,67.06873529200169,70.79740357236274,manticore,28357,102672.0,2.0,9.77,,1.2,True,False,0.2555500158316695,0.692499178736165,2336831.2721565426,32.18697823199523,27.377617174998157,73.69535593413585
mu_N3147,33.09079245164219,0.0854830197759541,N3147,NGC 3147,154.22349524198,73.40073383283999,30019,12.588,0.01079,0.00084,0.00993,2e-05,0.00973,2e-05,-255.903,250.0,13.8153,0.322889,1997bq,78.50756460859391,238.0,238.0,116.7135434982842,58.3567717491421,238.0,0.0,41.510550254688795,3234.7606218199994,77.92622844007276,78.79777762210061,manticore,30019,100715.0,4.0,10.26,,18.6,True,False,1.288093509063569,0.0982324412506592,331484.3507450252,33.01444319760949,40.076394177275816,80.71486190876371
mu_N3254,32.40309755164506,0.056427656454706,N3254,NGC 3254,157.33300833333334,29.491438888888887,30895,10.63,0.00648,0.00084,0.0055,0.0,0.00452,0.0,-289.936,250.0,13.2078,0.317328,2019np,74.51151356598959,117.8,117.8,150.35617008818167,75.17808504409084,117.8,0.0,30.242626807910938,1942.6551278399995,64.23566114739198,68.7393503283983,manticore,30895,100784.0,4.0,9.91,,4.6,True,False,0.0171618590874332,0.749292814350327,2528480.8045138963,32.50822957738239,31.742849898544925,61.19977046953965
mu_N3370,32.142496794325965,0.0456347313322023,N3370,NGC 3370,161.76697273869,17.27369871105,32207,10.196,0.00588,0.00084,0.0054,1e-05,0.00427,1e-05,-144.588,250.0,12.9292,0.338568,1994ae,31.31475124602049,85.0,85.0,94.86832980505136,47.43416490252569,85.0,0.0,26.82250647886248,1762.77965304,65.72016878546236,73.51584665489568,manticore,32207,112647.0,1.0,9.77,,0.399,False,False,0.0360516201140931,0.9357840305883798,3157793.4729894563,32.111081448595456,26.43725071971369,66.67787326787098
mu_N3447,31.944288930942392,0.0333315910022108,N3447,NGC 3447,163.34986296531,16.77242823926,32694,9.53,0.00465,0.00084,0.00465,2e-05,0.00352,2e-05,-0.2973,250.0,12.6779,0.441191,2012ht,22.03175875379833,55.0,55.0,111.4605687291518,55.730284364575894,55.0,0.0,24.482614043508416,1394.0349296999998,56.93979111963451,65.31308000274525,manticore,32694,,,,,,False,False,0.0063073873705109,0.94049939283832,3173705.41383149,31.76584134241489,22.551127919963815,61.8166388239013
mu_N3583,32.7899012784914,0.0634223058066292,N3583,NGC 3583,168.5457458333333,48.318377777777776,34232,10.95,0.00857,0.00084,0.00773,1e-05,0.00702,1e-05,-249.339,250.0,13.4997,0.266214,ASASSN-15so,1.3098966680907265,108.0,108.0,84.5514879379336,42.2757439689668,108.0,0.0,36.139343226007696,2569.2213650599997,71.09208789414464,72.78482300826745,manticore,34232,102455.0,2.0,9.66,,4.24,True,False,0.1181631597221876,0.8271970001575607,2791367.6688109534,32.86689648634854,37.4437465802092,68.61549924114578
mu_N3972,31.70720609476234,0.0676238347875992,N3972,NGC 3972,178.93787699999996,55.320735,37466,10.417,0.00349,0.00084,0.00369,2e-05,0.00313,2e-05,61.7743,250.0,12.5403,0.55206,2011by,18.045728865640704,78.0,78.0,116.7135434982842,58.3567717491421,78.0,0.0,21.950338347953146,1046.2756784199998,47.66558318302936,71.58131893518247,manticore,37466,100008.0,65.0,10.31,55.1,73.3,True,True,0.0587623568033794,0.0943774377791775,318475.6816475812,31.443497769929916,19.440147420375723,53.82035721207398
mu_N3982,31.638182795384395,0.0561344085927094,N3982,NGC 3982,179.11726896503,55.12523877407,37520,10.199,0.00349,0.00084,0.00369,1e-05,0.00313,1e-05,61.7743,250.0,12.2437,0.544824,1998aq,22.7871952470788,87.3,87.3,70.32686445959767,35.163432229798836,87.3,0.0,21.263588500362555,1046.2756784199998,49.205037917384466,73.32883487626815,manticore,37520,100008.0,65.0,10.31,55.1,73.3,True,True,0.1788599831499517,0.0848263070135368,286245.490272713,31.377188823149744,18.855487467788585,55.489187442508985
mu_N4038,31.63383340766299,0.0800615212766845,N4038,NGC 4038,180.47084166666667,-18.86758888888889,37967,10.682,0.00571,0.00084,0.0066,2e-05,0.00542,2e-05,265.999,250.0,12.4269,0.374942,2007sr,378.770845274218,107.0,107.0,157.44223807493177,78.72111903746588,107.0,0.0,21.221040857875256,1711.8149351799998,80.66592711661148,77.21724084009266,manticore,37967,,,,,,False,False,0.0487666382270758,0.931785226288906,3144299.5494944155,31.749110153524573,22.37803922219123,76.49530498107605
mu_N4424,30.82388631836469,0.1080351844117757,N4424,NGC 4424,186.79822551483997,9.420647348250002,40809,9.633,0.00256,0.00084,0.00256,2e-05,0.00144,2e-05,0.0,250.0,11.4703,0.781906,2012cg,17.00238784698356,65.0,65.0,108.92341643103045,54.461708215515216,65.0,0.0,14.614274608739809,767.4686924800001,52.51500420151056,21.58633944727846,manticore,40809,100002.0,197.0,11.34,701.0,529.0,True,True,0.0402801493092255,0.0270303739152204,91213.71548548347,30.542907126716237,12.840484925927532,59.76944772002542
mu_N4536,30.835496397778556,0.0479757779420524,N4536,NGC 4536,188.6130369583333,2.1878799999999994,41823,9.686,0.00317,0.00084,0.0035,1e-05,0.00236,1e-05,97.8762,250.0,11.5416,0.613941,1981B,55.91057781630411,103.7,103.7,227.57327250875508,113.78663625437754,103.7,0.0,14.692621120244617,950.34209186,64.68158976416713,27.44735603672095,manticore,41823,170002.0,4.0,10.15,,19.1,True,False,0.0049104921834391,0.7501032206681933,2531215.5122000477,30.85309160801761,14.81215750955125,64.15959938632813
mu_N4639,31.78738500726918,0.0713565283748475,N4639,NGC 4639,190.71824375014,13.257418376,42741,9.802,0.00359,0.00084,0.00462,2e-05,0.00355,2e-05,308.577,250.0,12.4439,0.550332,1990N,62.30683330267218,96.2,96.2,82.62686110014499,41.313430550072496,96.2,0.0,22.775976259542674,1076.2549242199998,47.25395354980978,78.98854193818534,manticore,42741,150002.0,2.0,11.2,,0.777,True,False,0.0359742591072744,0.868898130798149,2932087.700195047,31.804033605491856,22.951269949073495,46.89304455082872
mu_N4680,32.54680993735715,0.1470442585163361,N4680,NGC 4680,191.7281208333333,-11.637038888888888,43118,9.75,0.00864,0.00085,0.00931,0.00015,0.00817,0.00015,201.132,250.0,13.1668,0.42436,1997bp,24.4465603879768,103.0,103.0,43.363193122377815,21.681596561188908,103.0,0.0,32.31186215802806,2590.20683712,80.16272242224976,79.97272863266328,manticore,43118,112009.0,1.0,9.69,,1.01,False,False,0.0773280218158899,0.9186757192111747,3100061.65428462,32.62747735327609,33.534780702237875,77.23941480694245
mu_N5468,33.18726848481222,0.0485085615123016,N5468,NGC 5468,211.6453774379183,-5.4529774527145,50323,10.426,0.00954,0.00086,0.00998,0.00019,0.00907,0.00019,129.581,250.0,13.9779,0.250455,2002cr,64.21882633584156,68.0,68.0,78.90803975686144,39.45401987843072,68.0,0.0,43.39639933762317,2860.02004932,65.90454721989946,68.29895512253655,manticore,50323,101135.0,3.0,10.03,,7.25,True,False,0.0251224373491207,0.8071541209673181,2723733.1815595846,33.04213456640898,40.59073480101932,70.45992301790453
mu_N5584,31.865539486360575,0.0453757045325274,N5584,NGC 5584,215.5992125,-0.3874499999999999,51344,10.331,0.00625,0.00084,0.00635,1e-05,0.00552,1e-05,31.5763,250.0,12.8137,0.32481,2007af,46.38789811558817,98.0,98.0,101.65324684176076,50.82662342088038,98.0,0.0,23.610647495037316,1873.7028625,79.35838535956418,74.61388378570663,manticore,51344,112716.0,1.0,10.16,,0.345,False,False,0.0586272024138437,0.9278918472664256,3131161.3824994816,31.914864883458108,24.153105407732784,77.57606447989586
mu_N5643,30.508408628554633,0.0423384635611199,N5643,NGC 5643,218.16990833333332,-44.174611111111105,51969,10.53,0.00331,0.00085,0.00478,0.00015,0.00411,0.00015,440.866,250.0,11.2074,0.59407,2013aa,194.14828260022685,107.0,107.0,137.12645688446247,68.56322844223124,107.0,0.0,12.6380982038932,992.31303598,78.51759180620351,85.61477619367481,manticore,51969,109994.0,1.0,9.69,,3.43,False,False,0.2462508201441809,0.757026358991629,2554577.5704268827,30.548562280852142,12.873968915216256,77.07902998019094
mu_N5728,32.91590277778204,0.103192618959824,N5728,NGC 5728,220.59954937774,-17.25312243994,52521,10.636,0.00996,0.00086,0.0105,0.00015,0.00974,0.00015,161.695,250.0,13.3927,0.408196,2009Y,22.839020246785093,176.0,176.0,92.70886297540773,46.354431487703856,176.0,0.0,38.2983933699789,2985.93288168,77.96496455698828,78.27536732519731,manticore,52521,108188.0,1.0,9.94,,7.61,False,False,0.0365494794579159,0.9356494535317648,3157339.344112384,33.71882683231255,55.43261497548684,53.865993567152216
mu_N5861,32.205206817919375,0.0756344575522645,N5861,NGC 5861,227.31704695833332,-11.321661111111112,54097,10.591,0.00677,0.00085,0.00727,0.00015,0.00662,0.00015,147.138,250.0,12.9421,0.339458,2017erp,48.528314991701194,112.0,112.0,90.59855161206048,45.29927580603024,112.0,0.0,27.608407949322455,2029.59494066,73.51365368062842,72.60437375959569,manticore,54097,101918.0,2.0,9.87,,3.45,True,False,0.0942537790438711,0.8434248728027219,2846128.456176788,32.317176209398895,29.06934470981005,69.81908126656434
mu_N5917,32.33689541476585,0.0769424972155627,N5917,NGC 5917,230.3856254335,-7.377089110400001,54809,9.184,0.0071,0.00084,0.00703,6e-05,0.00644,6e-05,-21.2471,250.0,13.0663,0.324465,2005cf,130.12865238403828,54.0,54.0,45.40683745308624,22.70341872654312,54.0,0.0,29.33452653109556,2128.5264518,72.56045021022214,71.81097596741496,manticore,54809,102898.0,2.0,9.53,,0.324,True,False,0.0244503800391332,0.8713125035997811,2940234.976088998,32.14702387329926,26.878484288442053,79.19071733949232
mu_N7250,31.605972237460577,0.103313425286753,N7250,NGC 7250,334.5740666666667,40.56240555555555,68535,9.131,0.00432,0.00084,0.00293,0.00012,0.00394,0.00012,-413.1,250.0,12.246,0.513549,2013dy,24.990834675810696,52.0,52.0,52.134024862481255,26.067012431240627,52.0,0.0,20.950502667209385,1295.10341856,61.81729570560744,59.82634029596543,manticore,68535,212316.0,1.0,8.82,,0.055,False,False,0.0392499872727603,0.9348880467671834,3154769.9849088797,31.41561972907325,19.192163987879216,67.48084371193997
mu_N7329,33.26914458542842,0.0702010071802581,N7329,NGC 7329,340.10094603963,-66.47895444826,69453,10.501,0.01028,0.00086,0.01042,0.00015,0.01077,0.00015,40.4087,250.0,14.0258,0.246478,2006bh,53.54862058969729,124.0,124.0,116.7135434982842,58.3567717491421,124.0,0.0,45.06391479539326,3081.866468239999,68.38878695365918,67.56708613054772,manticore,69453,209504.0,1.0,10.05,,3.48,False,False,0.008240168859912,0.9403936445432935,3173348.5673103924,33.52677736251516,50.7405852928358,60.73770041188578
mu_N7541,32.57968347083725,0.0843555788926216,N7541,NGC 7541,348.68273750000003,4.5339,70795,10.935,0.00814,0.00084,0.00769,2e-05,0.00893,2e-05,-134.006,250.0,13.4634,0.315879,1998dh,54.28672324231211,64.4,64.4,104.0210551357595,52.01052756787975,64.4,0.0,32.80474711102872,2440.31060812,74.38894742461176,70.82523740104945,manticore,70795,202905.0,2.0,9.55,,3.67,True,False,0.081962043956343,0.8505410795276324,2870142.021715235,32.42686080656974,30.575400982032157,79.81287341265173
mu_N7678,33.26689439729978,0.0832042725418636,N7678,NGC 7678,352.11609521324993,22.421269142620005,71534,10.53,0.01061,0.00084,0.01049,1e-05,0.01169,1e-05,-34.4658,250.0,14.1276,0.307827,2002dp,45.5139602125777,107.0,107.0,70.32686445959767,35.163432229798836,107.0,0.0,45.01724150369227,3180.7979793799996,70.65732757346123,68.19215886802428,manticore,71534,209910.0,1.0,9.66,,2.82,False,False,0.0403911505538753,0.9345503865149322,3153630.5539015173,33.383359794664955,47.497632062407,66.96750640538792
mu_N976A,33.54384445493267,0.0823285152545172,N976A,NGC 976,38.50015860403,20.976747665440005,9776,10.854,0.01312,0.00085,0.01334,0.0,0.01413,0.0,64.7561,250.0,14.267,0.2722,1999dq,7.695661697901984,218.0,218.0,44.37325164504622,22.18662582252311,218.0,0.0,51.14096174248889,3933.27704896,76.91050216781821,76.91050216781821,pantheon_plus,9776,201272.0,3.0,10.28,,11.2,True,False,0.2312683435434745,0.6665829408756059,2249377.1971932636,34.447993610707925,77.55302138523979,50.717263862895706
mu_U9391,32.815990280599635,0.0544388860427793,U9391,UGC 9391,218.65422,59.337826,52091,9.345,0.00747,0.00084,0.00664,2e-05,0.00638,2e-05,-244.618,250.0,13.5413,0.28787,2003du,15.6195237074935,75.0,75.0,49.78760722312682,24.89380361156341,75.0,0.0,36.576155587561615,2239.44966126,61.22703781426295,66.61777001923673,manticore,52091,,,,,,False,False,0.0138620893675009,0.9399266010325484,3171772.5338436686,32.72923353092341,35.14363714152528,63.72276302084551
