dropped_host,n_dropped,kappaP,kappaP_err,kappaP_sig,kappaZ,kappaZ_err,kappaZ_sig,chi2
LMC,335,-218412.63053766702,385716.7742788708,0.5662513147010715,-1476083.914548455,1428759.1992793428,1.0331229470249308,3210.748837193808
M101,254,-507292.99455440644,341939.3867929803,1.4835757860837946,-1587727.8685647836,1350007.511597953,1.1760881735283457,3306.9802465866796
M1337,15,-429079.1017205011,338264.258560699,1.268473067613515,-1538370.8140082157,1352572.668018571,1.1373664797336371,3529.8761035262096
M31,54,-407244.3936940143,447318.41032834933,0.910412771508959,-4127951.9406509884,1581352.962130822,2.6103925179921292,3451.4572316807216
N0691,28,-412451.9846510207,337993.2302416602,1.2202965851006058,-1514654.350015133,1349189.4463345762,1.1226402297543054,3528.8496659612238
N1015,18,-509930.1479066427,341949.6225547404,1.491243488139869,-1365701.1880165797,1355782.5128476862,1.0073158305811603,3531.76940654834
N105A,8,-429437.05766016786,337829.422281815,1.271165355461356,-1475719.0787905029,1348062.527672087,1.0946963130403606,3531.1463614871063
N1309,53,-403640.47008609824,338603.8854149578,1.1920727654717793,-1631393.2172875216,1360456.5045257222,1.1991513230011366,3491.2527687892534
N1365,46,-489197.6316953556,339382.3623410788,1.441435047834668,-1439329.4458989988,1348741.5526672266,1.0671647529896506,3478.3862569649727
N1448,73,-423573.2207199944,341930.14752660145,1.2387712045397847,-1267729.772034331,1367524.8545786287,0.9270250319691284,3448.821183335898
N1559,110,-438218.48223573307,338681.750275968,1.2938945835689688,-1457208.4436476668,1349131.5899793184,1.080108459746321,3456.0899261486447
N2442,177,-415018.3575384786,343028.47138146264,1.2098656297160828,-1591883.0306707795,1351040.0278879679,1.1782648906112076,3393.9964512305646
N2525,73,-424793.7110519636,338211.76365869795,1.255999219118347,-1493781.5837713922,1349874.3731106042,1.1066078544251292,3480.432059363261
N2608,22,-423384.46809540724,337928.1652589399,1.2528830432674525,-1486456.8396558878,1348661.7977154874,1.102171680234298,3524.7368153074985
N3021,16,-438900.0720298459,338671.234030996,1.2959473020660406,-1487502.848198074,1348215.5929021423,1.1033123011106143,3541.3692216454315
N3147,27,-428067.4756235789,338041.32093393273,1.2663170124910292,-1531959.49289335,1348930.0738172815,1.1356848828776729,3530.144763936398
N3254,48,-458529.3232187965,344123.9930438202,1.3324538029535422,-1214049.2779282392,1430296.8195669528,0.8488093249734092,3492.7685515605094
N3370,73,-447135.6134500714,338774.210315406,1.3198632004300996,-1476762.278896477,1366972.927727339,1.0803156733701145,3450.9173655117124
N3447,101,-404289.30987259006,340245.633163097,1.188227769785347,-1559532.0292135584,1349459.830805025,1.1556713238979586,3452.7317747890756
N3583,54,-366663.02804718516,340050.76394865196,1.0782596803768736,-1345076.9937630238,1368476.958392589,0.9829007244250202,3513.80487332997
N3972,52,-366503.4000441083,341227.74164917495,1.074072694889268,-1613746.0433498707,1349834.2908012918,1.1955141859612375,3505.3343438731763
N3982,27,-545450.1492799384,342019.9437685514,1.5947904770402819,-1186334.0191961464,1362033.1836622239,0.8710022879224874,3517.9887541050775
N4038,29,-411277.8199193277,339502.83875765186,1.2114120206603372,-1402803.8693317855,1350080.551680642,1.0390519792211739,3521.081716317957
N4258,431,-431889.54856882524,338057.89801676763,1.2775608885416532,-1525430.4371216265,1351583.027316682,1.1286250317526452,3059.3102952526137
N4424,9,-437980.1817428193,338768.60830601037,1.2928594061088179,-1514463.67175494,1348043.9641068792,1.123452730088309,3521.760414665471
N4536,40,-410756.953837598,340243.31920806743,1.207244729429675,-1688644.3336613644,1365449.887536745,1.2366944763587466,3501.8254960526956
N4639,30,-395809.53024437925,338240.7002770701,1.1702007769028138,-1918943.3267020385,1356330.5194145734,1.4148050930316771,3521.7022138285633
N4680,11,-421183.85246268444,338140.91640484874,1.2455867717540878,-1477623.2730771773,1348715.183404941,1.0955784373590258,3540.044054757819
N5468,93,-385319.5937449832,338792.8361766218,1.1373309958186535,-1529784.767053738,1348365.2233098221,1.134547777269564,3461.3265871167123
N5584,165,-512130.317850487,342401.18121726916,1.49570254410284,-284373.3634388256,1404039.1471886847,0.20253948332439872,3369.972709520768
N5643,251,-330918.2309804932,341816.42039952544,0.968116834743357,-1391288.1528088562,1365917.4270974696,1.0185741284268541,3333.7903365337106
N5728,20,-431572.40400409006,345120.8978889748,1.250496294614204,-1514645.861101903,1383021.287250973,1.0951717627662547,3525.248869401629
N5861,41,-374164.46558456327,339870.3766423534,1.1009034364248156,-1686394.0829751913,1360020.229297515,1.2399772052260256,3500.483566971394
N5917,14,-434004.1039978981,338684.9178405178,1.2814391227254613,-1488837.770302347,1348556.859672433,1.1040229854779637,3530.427941261752
N7250,21,-427236.02004340146,338194.79877034295,1.2632838281274796,-1498302.1845524255,1348100.8819584488,1.1114169604100936,3514.4064404070814
N7329,31,-464456.4401491039,341919.4991151098,1.3583795055594097,-1517089.6976861323,1369836.2921613317,1.1074970829488417,3499.598869417539
N7541,33,-411813.7390373963,338292.98390789283,1.217328643001124,-1512241.613533261,1348020.2118823845,1.1218241389879138,3522.9268295308693
N7678,16,-433282.9928540826,338304.1442774876,1.2807498819721534,-1410445.1321611076,1349256.2169436645,1.0453501080440069,3530.4625873517207
N976A,33,-284051.4960217279,357367.3264215077,0.7948446179063802,-1241079.6946312713,1361867.5979656896,0.9113071611991892,3515.41230441433
SMC,139,-402689.32447654905,339369.782145719,1.1865797889561123,-1772555.4097505363,1466540.251173532,1.2086646843358915,3410.452541147325
U9391,33,-433578.9611634836,338050.0523597119,1.2825880609600422,-1590725.6384584045,1350467.9820871425,1.1779069622960958,3510.397786814723
