beta,re_scale,n,r,p,slope,delta_h0,median_sigma,sigma_ref,kappa_cep_opt,unified_h0,post_slope,post_r
0.0,0.7,37,0.24135531860278145,0.15012430567445031,0.04373632298114971,1.498060482677559,114.622009,87.16507328052906,849468.994140625,66.6471548707494,0.00034637965573494606,0.0019137633626858845
0.0,0.75,37,0.24135531860278145,0.15012430567445031,0.04373632298114971,1.498060482677559,114.622009,87.16507328052906,849468.994140625,66.6471548707494,0.00034637965573494606,0.0019137633626858845
0.0,0.8,37,0.24135531860278145,0.15012430567445031,0.04373632298114971,1.498060482677559,114.622009,87.16507328052906,849468.994140625,66.6471548707494,0.00034637965573494606,0.0019137633626858845
0.0,0.85,37,0.24135531860278145,0.15012430567445031,0.04373632298114971,1.498060482677559,114.622009,87.16507328052906,849468.994140625,66.6471548707494,0.00034637965573494606,0.0019137633626858845
0.0,0.9,37,0.24135531860278145,0.15012430567445031,0.04373632298114971,1.498060482677559,114.622009,87.16507328052906,849468.994140625,66.6471548707494,0.00034637965573494606,0.0019137633626858845
0.0,0.95,37,0.24135531860278145,0.15012430567445031,0.04373632298114971,1.498060482677559,114.622009,87.16507328052906,849468.994140625,66.6471548707494,0.00034637965573494606,0.0019137633626858845
0.0,1.0,37,0.24135531860278145,0.15012430567445031,0.04373632298114971,1.498060482677559,114.622009,87.16507328052906,849468.994140625,66.6471548707494,0.00034637965573494606,0.0019137633626858845
0.0,1.05,37,0.24135531860278145,0.15012430567445031,0.04373632298114971,1.498060482677559,114.622009,87.16507328052906,849468.994140625,66.6471548707494,0.00034637965573494606,0.0019137633626858845
0.0,1.1,37,0.24135531860278145,0.15012430567445031,0.04373632298114971,1.498060482677559,114.622009,87.16507328052906,849468.994140625,66.6471548707494,0.00034637965573494606,0.0019137633626858845
0.0,1.15,37,0.24135531860278145,0.15012430567445031,0.04373632298114971,1.498060482677559,114.622009,87.16507328052906,849468.994140625,66.6471548707494,0.00034637965573494606,0.0019137633626858845
0.0,1.2,37,0.24135531860278145,0.15012430567445031,0.04373632298114971,1.498060482677559,114.622009,87.16507328052906,849468.994140625,66.6471548707494,0.00034637965573494606,0.0019137633626858845
0.0,1.25,37,0.24135531860278145,0.15012430567445031,0.04373632298114971,1.498060482677559,114.622009,87.16507328052906,849468.994140625,66.6471548707494,0.00034637965573494606,0.0019137633626858845
0.0,1.3,37,0.24135531860278145,0.15012430567445031,0.04373632298114971,1.498060482677559,114.622009,87.16507328052906,849468.994140625,66.6471548707494,0.00034637965573494606,0.0019137633626858845
0.01,0.7,37,0.2446884210434942,0.14440290427309985,0.04486575768430444,1.498060482677559,113.88012511459611,87.16507328052906,873974.609375,66.68412178567735,0.00022020314862329808,0.001202356048945849
0.01,0.75,37,0.24468842104349411,0.14440290427309968,0.04489672253938828,1.498060482677559,113.8015830435572,87.16507328052906,875183.10546875,66.68725289130288,0.0002202843592950562,0.0012019133334248147
0.01,0.8,37,0.24468842104349414,0.14440290427309968,0.04492570757240412,1.498060482677559,113.72816088016745,87.16507328052906,876312.255859375,66.69018897548116,0.00022049526607381873,0.0012022350678887249
0.01,0.85,37,0.2446884210434941,0.14440290427309968,0.044952951870260084,1.498060482677559,113.65923450802237,87.16507328052906,877374.267578125,66.6929505537141,0.00022069303885103393,0.0012025344316157946
0.01,0.9,37,0.2446884210434942,0.14440290427309985,0.04497865360917651,1.498060482677559,113.59428725557285,87.16507328052906,878381.34765625,66.69555245123773,0.0002206604889622082,0.001201622834172657
0.01,0.95,37,0.24468842104349414,0.14440290427309968,0.04500297889275793,1.498060482677559,113.53288658124697,87.16507328052906,879333.49609375,66.69801813030764,0.00022070236866398882,0.0012011566995037276
0.01,1.0,37,0.24468842104349411,0.14440290427309968,0.04502606832436346,1.498060482677559,113.47466675621575,87.16507328052906,880230.712890625,66.70036737407614,0.00022107624694031646,0.0012025326123969431
0.01,1.05,37,0.24468842104349417,0.14440290427309968,0.0450480419770726,1.498060482677559,113.4193157840278,87.16507328052906,881091.30859375,66.70259754363605,0.00022113245550456063,0.0012022113278405114
0.01,1.1,37,0.24468842104349406,0.14440290427309968,0.045069003208449664,1.498060482677559,113.36656537129352,87.16507328052906,881915.283203125,66.7047232546068,0.00022106087797120247,0.0012012246189891792
0.01,1.15,37,0.24468842104349411,0.14440290427309968,0.045089041628134256,1.498060482677559,113.31618313354592,87.16507328052906,882696.533203125,66.70676358732806,0.00022131545172460768,0.0012020369928493226
0.01,1.2,37,0.24468842104349423,0.14440290427309985,0.04510823543451153,1.498060482677559,113.2679664640723,87.16507328052906,883447.265625,66.70871661247341,0.00022146032957086567,0.0012022769442524615
0.01,1.25,37,0.2446884210434941,0.14440290427309968,0.045126653274917994,1.498060482677559,113.22173765741157,87.16507328052906,884167.48046875,66.71059200173131,0.00022162149719873143,0.0012026271581043757
0.01,1.3,37,0.244688421043494,0.14440290427309968,0.04514435574144447,1.498060482677559,113.17733999156751,87.16507328052906,884863.28125,66.71239187216618,0.00022162084288511227,0.0012021194186831573
0.02,0.7,37,0.2478676277914829,0.13909615576826012,0.04596667920685231,1.498060482677559,113.14304302689429,87.16507328052906,897277.83203125,66.72409313719066,0.00010003803723231031,0.0005400429270148861
0.02,0.75,37,0.24786762779148291,0.13909615576826012,0.046030150451239545,1.498060482677559,112.98702942137095,87.16507328052906,899755.859375,66.73053622250016,0.00010026305372097919,0.0005404591813918371
0.02,0.8,37,0.24786762779148291,0.13909615576826012,0.0460896031696477,1.498060482677559,112.84128318833821,87.16507328052906,902081.298828125,66.7365787795911,0.00010041673802688992,0.0005405404412411257
0.02,0.85,37,0.24786762779148291,0.13909615576826012,0.046145520357617376,1.498060482677559,112.70454689857705,87.16507328052906,904272.4609375,66.74226834977758,0.0001005009232077783,0.0005402919550627439
0.02,0.9,37,0.24786762779148286,0.13909615576826012,0.04619830261636018,1.498060482677559,112.57578025090801,87.16507328052906,906341.552734375,66.74764736607855,0.00010065927901720505,0.0005404814789387162
0.02,0.95,37,0.24786762779148297,0.13909615576826007,0.046248285913067066,1.498060482677559,112.45411285253505,87.16507328052906,908306.884765625,66.75274351271948,0.00010063023644592044,0.0005397002520332332
0.02,1.0,37,0.247867627791483,0.13909615576826007,0.04629575479614296,1.498060482677559,112.33880916739312,87.16507328052906,910168.45703125,66.75759544450396,0.00010092734791195682,0.0005406995601357728
0.02,1.05,37,0.24786762779148291,0.13909615576826012,0.04634095239407553,1.498060482677559,112.22924205522358,87.16507328052906,911944.580078125,66.76221834615788,0.00010112276744477397,0.0005411807000434986
0.02,1.1,37,0.2478676277914829,0.13909615576826012,0.04638408809429695,1.498060482677559,112.12487249358688,87.16507328052906,913647.4609375,66.76662894773662,0.00010101800067044338,0.0005400814133249887
0.02,1.15,37,0.2478676277914829,0.13909615576826012,0.04642534351976381,1.498060482677559,112.02523382708567,87.16507328052906,915270.99609375,66.77085771597199,0.00010122934652681136,0.0005406962546963442
0.02,1.2,37,0.24786762779148291,0.13909615576826012,0.046464877237164005,1.498060482677559,111.9299193831632,87.16507328052906,916833.49609375,66.77490870053411,0.0001011788718206891,0.0005399339706882776
0.02,1.25,37,0.24786762779148297,0.13909615576826007,0.046502828506800306,1.498060482677559,111.83857262669099,87.16507328052906,918328.857421875,66.77880651780416,0.00010140593440864427,0.0005406725923334641
0.02,1.3,37,0.24786762779148291,0.13909615576826012,0.04653932029922396,1.498060482677559,111.75087925362453,87.16507328052906,919769.287109375,66.782556296904,0.00010155717881460798,0.0005410240878006044
0.03,0.7,37,0.2508921029281846,0.1341823122155329,0.04703717834637003,1.498060482677559,112.41073165755498,87.16507328052906,919342.041015625,66.76675946679407,-1.3486304732075448e-05,-7.200902539783171e-05
0.03,0.75,37,0.25089210292818453,0.1341823122155329,0.04713463606992325,1.498060482677559,112.17830610123913,87.16507328052906,923156.73828125,66.7766716107139,-1.3569784400181815e-05,-7.229420906474746e-05
0.03,0.8,37,0.25089210292818465,0.1341823122155329,0.04722598446493101,1.498060482677559,111.96132156755222,87.16507328052906,926739.501953125,66.78598236241464,-1.3649355761501126e-05,-7.256735137574474e-05
0.03,0.85,37,0.25089210292818465,0.1341823122155329,0.047311954343046275,1.498060482677559,111.75787824540551,87.16507328052906,930114.74609375,66.79476521967791,-1.358659642973501e-05,-7.20929627518198e-05
0.03,0.9,37,0.2508921029281846,0.1341823122155329,0.04739315222826264,1.498060482677559,111.56640536497567,87.16507328052906,933312.98828125,66.80307203370671,-1.3750270310081182e-05,-7.282737079091358e-05
0.03,0.95,37,0.25089210292818453,0.1341823122155329,0.047470087087652844,1.498060482677559,111.38558948204796,87.16507328052906,936340.33203125,66.81096399174847,-1.352541071032946e-05,-7.151189375667285e-05
0.03,1.0,37,0.2508921029281847,0.1341823122155323,0.047543190233293,1.498060482677559,111.21432127454729,87.16507328052906,939227.294921875,66.818470410633,-1.3587601172381592e-05,-7.172218296839548e-05
0.03,1.05,37,0.2508921029281846,0.1341823122155329,0.047612830388877626,1.498060482677559,111.05165540121965,87.16507328052906,941979.98046875,66.82563420951462,-1.3569135722436396e-05,-7.151228941308835e-05
0.03,1.1,37,0.2508921029281846,0.1341823122155329,0.04767932526664951,1.498060482677559,110.89677975625229,87.16507328052906,944616.69921875,66.83248102569428,-1.3767678129589565e-05,-7.245001682339581e-05
0.03,1.15,37,0.25089210292818465,0.1341823122155329,0.04774295058247075,1.498060482677559,110.7489916001066,87.16507328052906,947137.451171875,66.83904678763325,-1.3693336978270416e-05,-7.195571999986616e-05
0.03,1.2,37,0.2508921029281846,0.1341823122155329,0.047803947161087594,1.498060482677559,110.60767880118419,87.16507328052906,949560.546875,66.84534728793028,-1.3778567795076024e-05,-7.230438298321772e-05
0.03,1.25,37,0.25089210292818465,0.1341823122155329,0.04786252659777968,1.498060482677559,110.47230492983749,87.16507328052906,951885.986328125,66.85141002982431,-1.3647338506681998e-05,-7.152162184127646e-05
0.03,1.3,37,0.25089210292818465,0.1341823122155329,0.04791887581492017,1.498060482677559,110.34239729338604,87.16507328052906,954132.080078125,66.85724410717864,-1.382543842017925e-05,-7.23634563165306e-05
0.04,0.7,37,0.253761498195969,0.12964022828299798,0.04807553174624177,1.498060482677559,111.68316012839777,87.16507328052906,940161.1328125,66.81179368184665,-0.00012069676636274346,-0.0006376677758425466
0.04,0.75,37,0.253761498195969,0.12964022828299798,0.04820838974635697,1.498060482677559,111.37537135181206,87.16507328052906,945367.431640625,66.8253270196539,-0.00012118776652409653,-0.0006383679039240991
0.04,0.8,37,0.25376149819596905,0.12964022828299798,0.04833300245077097,1.498060482677559,111.08822208473715,87.16507328052906,950262.451171875,66.83805803999682,-0.00012158994440893856,-0.0006387133608147595
0.04,0.85,37,0.25376149819596905,0.12964022828299798,0.04845035147786544,1.498060482677559,110.81916119279984,87.16507328052906,954882.8125,66.85008001301678,-0.00012192707761140285,-0.0006388181213838266
0.04,0.9,37,0.25376149819596916,0.12964022828299762,0.04856125201715299,1.498060482677559,110.56608071754115,87.16507328052906,959259.033203125,66.8614706028245,-0.00012222016913543141,-0.0006387825015610808
0.04,0.95,37,0.25376149819596905,0.12964022828299798,0.048666388543289314,1.498060482677559,110.32721907230474,87.16507328052906,963415.52734375,66.87229621375256,-0.00012242692712149809,-0.0006383775014753456
0.04,1.0,37,0.25376149819596905,0.12964022828299798,0.04876634142224793,1.498060482677559,110.10108926940872,87.16507328052906,967376.708984375,66.8826103727024,-0.0001226840796674447,-0.000638308762733221
0.04,1.05,37,0.2537614981959691,0.12964022828299798,0.048861607064694924,1.498060482677559,109.88642479901016,87.16507328052906,971160.888671875,66.89246111566327,-0.00012298517788214886,-0.0006385336836915968
0.04,1.1,37,0.25376149819596894,0.12964022828299795,0.04895261341976031,1.498060482677559,109.6821381982854,87.16507328052906,974780.2734375,66.90189266094818,-0.00012315562330597192,-0.0006381399989237572
0.04,1.15,37,0.253761498195969,0.12964022828299798,0.04903973204629634,1.498060482677559,109.48728890289489,87.16507328052906,978253.173828125,66.91093759551204,-0.00012340425918082608,-0.0006382060905369966
0.04,1.2,37,0.253761498195969,0.12964022828299798,0.04912328763147017,1.498060482677559,109.30105799420608,87.16507328052906,981591.796875,66.91962743845316,-0.0001237342179982787,-0.0006387410295462426
0.04,1.25,37,0.25376149819596916,0.12964022828299762,0.049203565578892126,1.498060482677559,109.12272814181468,87.16507328052906,984802.24609375,66.9279932992395,-0.0001239317037552771,-0.0006386368714426797
0.04,1.3,37,0.2537614981959691,0.12964022828299798,0.04928081811830851,1.498060482677559,108.9516675105404,87.16507328052906,987896.728515625,66.93605770447007,-0.00012412532208294915,-0.000638554995154014
0.05,0.7,37,0.25647593634242594,0.1254494602873941,0.04908020695880458,0.11504195374570259,110.79705277195157,87.16507328052906,959735.107421875,66.85888062920917,-0.00022175181870704862,-0.0011596889851161847
0.05,0.75,37,0.25647593634242594,0.1254494602873941,0.049249808543687636,0.11504195374570259,110.41550091812405,87.16507328052906,966381.8359375,66.8761753223532,-0.0002226871246750254,-0.0011602695448157709
0.05,0.8,37,0.2564759363424259,0.1254494602873941,0.04940899073061586,0.11504195374570259,110.05977252442428,87.16507328052906,972637.939453125,66.89246839321117,-0.00022341624826865,-0.0011600356522997407
0.05,0.85,37,0.2564759363424259,0.1254494602873941,0.049558988022860156,0.11504195374570259,109.72666104409977,87.16507328052906,978552.24609375,66.90787254271639,-0.00022413740808105675,-0.0011599906466560977
0.05,0.9,37,0.2564759363424259,0.1254494602873941,0.049700826264887345,0.11504195374570259,109.41351863026809,87.16507328052906,984161.376953125,66.9224849835989,-0.00022482166313009618,-0.0011599580543235574
0.05,0.95,37,0.2564759363424259,0.1254494602873941,0.04983536731802125,0.11504195374570259,109.11813382995821,87.16507328052906,989495.849609375,66.93638784060117,-0.00022542891228495657,-0.001159710276013208
0.05,1.0,37,0.25647593634242594,0.1254494602873941,0.04996334236275375,0.11504195374570259,108.83864095783157,87.16507328052906,994586.181640625,66.94964778617522,-0.00022613896860226328,-0.0011601533549578786
0.05,1.05,37,0.256475936342426,0.12544946028739382,0.0500853771384676,0.11504195374570259,108.57345179689963,87.16507328052906,999450.68359375,66.96232758354331,-0.00022673622732125408,-0.0011601635016483289
0.05,1.1,37,0.25647593634242594,0.1254494602873941,0.05020201135790338,0.11504195374570259,108.32120334192294,87.16507328052906,1004113.76953125,66.97447558289392,-0.00022743654811249053,-0.001160832365628985
0.05,1.15,37,0.2564759363424259,0.1254494602873941,0.050313713840699104,0.11504195374570259,108.08071727104698,87.16507328052906,1008581.54296875,66.98614392278068,-0.0002277203234676744,-0.0011594987624593152
0.05,1.2,37,0.25647593634242594,0.1254494602873941,0.05042089445244298,0.11504195374570259,107.85096812596234,87.16507328052906,1012884.521484375,66.9973618050444,-0.00022830626663397185,-0.0011598168081369486
0.05,1.25,37,0.25647593634242594,0.1254494602873941,0.05052391362673416,0.11504195374570259,107.63105805001516,87.16507328052906,1017028.80859375,67.00816860370301,-0.00022885787375650035,-0.0011600612240742641
0.05,1.3,37,0.25647593634242594,0.1254494602873941,0.05062309003537457,0.11504195374570259,107.42019652836352,87.16507328052906,1021026.611328125,67.0185947415197,-0.00022939423841752594,-0.0011603213696058298
0.06,0.7,37,0.2590359912033882,0.12159034356352875,0.05004986520487302,0.11504195374570259,109.12094733919368,87.16507328052906,978076.171875,66.90771349623296,-0.0003169756547487253,-0.0016415068950628958
0.06,0.75,37,0.2590359912033882,0.12159034356352875,0.050257479661004786,0.11504195374570259,108.67016695213104,87.16507328052906,986206.0546875,66.92889766509602,-0.0003183264182321403,-0.0016411725668588168
0.06,0.8,37,0.2590359912033882,0.12159034356352875,0.0504524695529351,0.11504195374570259,108.25017593290386,87.16507328052906,993872.0703125,66.94887971234016,-0.00031958911410743515,-0.0016408248311913494
0.06,0.85,37,0.2590359912033882,0.12159034356352875,0.050636323445579653,0.11504195374570259,107.85713364881875,87.16507328052906,1001129.150390625,66.96779575016244,-0.0003208604864227598,-0.0016409072851518841
0.06,0.9,37,0.25903599120338827,0.12159034356352875,0.050810279081778834,0.11504195374570259,107.48787064452975,87.16507328052906,1008020.01953125,66.98576158280216,-0.0003220731977719064,-0.0016410297952481505
0.06,0.95,37,0.2590359912033882,0.12159034356352875,0.05097537696461934,0.11504195374570259,107.13974139211098,87.16507328052906,1014581.298828125,67.0028744451238,-0.0003231983192651695,-0.0016410098059804889
0.06,1.0,37,0.2590359912033882,0.12159034356352875,0.05113250032287188,0.11504195374570259,106.81051524702683,87.16507328052906,1020843.505859375,67.01921751835862,-0.00032418011824468296,-0.0016405369354035566
0.06,1.05,37,0.2590359912033882,0.12159034356352875,0.051282405417752405,0.11504195374570259,106.49829431487817,87.16507328052906,1026843.26171875,67.03485607295613,-0.00032545698156450444,-0.0016418005357248168
0.06,1.1,37,0.25903599120338816,0.12159034356352875,0.05142574486740461,0.11504195374570259,106.2014506437686,87.16507328052906,1032586.669921875,67.04986178911888,-0.0003262129037315868,-0.0016406602746991768
0.06,1.15,37,0.2590359912033882,0.12159034356352875,0.051563085837488636,0.11504195374570259,105.91857753757522,87.16507328052906,1038110.3515625,67.06427875886453,-0.00032719758469043706,-0.001640876553757988
0.06,1.2,37,0.2590359912033882,0.12159034356352875,0.05169492439888755,0.11504195374570259,105.64845134916625,87.16507328052906,1043426.513671875,67.07815729962982,-0.0003281396440146243,-0.0016410644257853146
0.06,1.25,37,0.2590359912033882,0.12159034356352875,0.05182169698403549,0.11504195374570259,105.39000116181441,87.16507328052906,1048553.466796875,67.0915375375794,-0.0003291506068598267,-0.001641765626871467
0.06,1.3,37,0.25903599120338827,0.12159034356352875,0.05194378961925057,0.11504195374570259,105.14228448458526,87.16507328052906,1053497.314453125,67.10446031561402,-0.00032986117366785823,-0.0016411267724929643
0.07,0.7,37,0.2614426649627386,0.1180440500008936,0.05098336192957866,0.11504195374570259,107.4701975395635,87.16507328052906,995196.533203125,66.958004915612,-0.00040632178204883163,-0.0020844556196332204
0.07,0.75,37,0.26144266496273855,0.1180440500008936,0.051230181655529894,0.11504195374570259,106.9524214191707,87.16507328052906,1004852.294921875,66.98319049210849,-0.00040827979875565477,-0.002083626092250812
0.07,0.8,37,0.26144266496273855,0.1180440500008936,0.0514621476482928,0.11504195374570259,106.47033262679311,87.16507328052906,1013977.05078125,67.00697506864185,-0.0004104816320070304,-0.002084679550849326
0.07,0.85,37,0.2614426649627386,0.1180440500008936,0.0516810028270106,0.11504195374570259,106.0194593387264,87.16507328052906,1022619.62890625,67.02952438088812,-0.00041236018517811954,-0.0020846500320090395
0.07,0.9,37,0.2614426649627386,0.1180440500008936,0.051888197342754204,0.11504195374570259,105.59611353636669,87.16507328052906,1030834.9609375,67.05096779035057,-0.00041411378088982174,-0.0020844888147922595
0.07,0.95,37,0.2614426649627385,0.11804405000089385,0.05208495098047608,0.11504195374570259,105.19721867179601,87.16507328052906,1038665.771484375,67.07141693045205,-0.00041573541492829987,-0.0020841109956396507
0.07,1.0,37,0.26144266496273855,0.1180440500008936,0.052272299730579085,0.11504195374570259,104.82018212406247,87.16507328052906,1046154.78515625,67.09096369490301,-0.000417513391720003,-0.002084914463849103
0.07,1.05,37,0.26144266496273855,0.1180440500008936,0.05245113112518403,0.11504195374570259,104.46279918588979,87.16507328052906,1053320.3125,67.10969681714747,-0.000418834159251496,-0.002083797727652854
0.07,1.1,37,0.2614426649627385,0.11804405000089385,0.05262221144787975,0.11504195374570259,104.1231796810705,87.16507328052906,1060205.078125,67.12767928585002,-0.000420420172509672,-0.0020843294069455625
0.07,1.15,37,0.26144266496273855,0.1180440500008936,0.05278620696514932,0.11504195374570259,103.79969110908786,87.16507328052906,1066821.2890625,67.14497873171997,-0.0004217335358348331,-0.002083808185315166
0.07,1.2,37,0.26144266496273855,0.1180440500008936,0.052943700692248546,0.11504195374570259,103.49091404947977,87.16507328052906,1073199.462890625,67.16164496116775,-0.0004232218817170365,-0.002084423792968527
0.07,1.25,37,0.2614426649627385,0.11804405000089385,0.05309520577721451,0.11504195374570259,103.19560678968608,87.16507328052906,1079351.806640625,67.17772885694647,-0.0004245974341772351,-0.0020847319920731474
0.07,1.3,37,0.26144266496273855,0.1180440500008936,0.0532411762913869,0.11504195374570259,102.91267698173026,87.16507328052906,1085290.52734375,67.1932746230556,-0.0004256706697597647,-0.0020837896643228736
0.08,0.7,37,0.2636973630446129,0.1147926277336046,0.05187974529051375,0.11504195374570259,105.84441980045357,87.16507328052906,1011126.708984375,67.00947442634217,-0.0004902938086826805,-0.0024925499317371485
0.08,0.75,37,0.2636973630446128,0.11479262773360498,0.052166883589361425,0.11504195374570259,105.26182822984579,87.16507328052906,1022351.07421875,67.03875921576962,-0.0004932632124678102,-0.0024927535733406778
0.08,0.8,37,0.2636973630446128,0.11479262773360498,0.05243692198617317,0.11504195374570259,104.71975340424625,87.16507328052906,1032965.087890625,67.06645845946746,-0.0004961331069558936,-0.0024933144846539432
0.08,0.85,37,0.2636973630446128,0.11479262773360498,0.05269185718562584,0.11504195374570259,104.21309539963808,87.16507328052906,1043029.78515625,67.09275355214928,-0.0004985633803657342,-0.0024924288692865226
0.08,0.9,37,0.2636973630446128,0.11479262773360498,0.05293335154052744,0.11504195374570259,103.73765083560815,87.16507328052906,1052612.3046875,67.11778759679387,-0.0005010305283730036,-0.0024924054093667073
0.08,0.95,37,0.26369736304461283,0.1147926277336046,0.05316280415583237,0.11504195374570259,103.28991532451585,87.16507328052906,1061761.474609375,67.14168631476772,-0.0005035584842767708,-0.0024932809129684665
0.08,1.0,37,0.26369736304461283,0.1147926277336046,0.053381403986433956,0.11504195374570259,102.86693735266357,87.16507328052906,1070507.8125,67.16456199783757,-0.0005056466242706574,-0.0024925187942267226
0.08,1.05,37,0.2636973630446127,0.11479262773360498,0.05359017014792609,0.11504195374570259,102.46620834590239,87.16507328052906,1078900.146484375,67.18650094247946,-0.0005079196540451605,-0.0024931550776807203
0.08,1.1,37,0.2636973630446128,0.11479262773360498,0.0537899829733868,0.11504195374570259,102.08557869197647,87.16507328052906,1086956.787109375,67.20758861215363,-0.000509797764637394,-0.0024922966912195683
0.08,1.15,37,0.2636973630446127,0.11479262773360498,0.05398160825885673,0.11504195374570259,101.72319270922783,87.16507328052906,1094720.458984375,67.22788865214939,-0.0005120165161334334,-0.0024935040206229826
0.08,1.2,37,0.2636973630446128,0.11479262773360498,0.05416571641854916,0.11504195374570259,101.37743766256666,87.16507328052906,1102197.265625,67.2474693075985,-0.0005137663448826893,-0.002492795722841104
0.08,1.25,37,0.2636973630446128,0.11479262773360498,0.054342897783250244,0.11504195374570259,101.04690334276268,87.16507328052906,1109417.724609375,67.26638120763968,-0.0005154943395806192,-0.0024923244307312703
0.08,1.3,37,0.2636973630446127,0.11479262773360498,0.054513674939688304,0.11504195374570259,100.73034969198035,87.16507328052906,1116406.25,67.2846708507032,-0.0005174696210310027,-0.002493358216192857
