model,sigma_v,N_hosts,N_ext,H_app,H_app_err,Gamma_X,Gamma_X_err,Gamma_X_sig,chi2,chi2_reduced,dof,gamma_factor,kappa_A,beta_A,kappa_B,beta_B,kappa_C,beta_C,kappa_D,beta_D,kappa_diff,kappa_diff_err,kappa_diff_sig,a_offset,a_offset_err
T0,150.0,33,13,68.79754977584955,0.9608124241024493,0.0,0.0,0.0,66.81799880057157,2.0880624625178617,32,31.682442509677404,0.0,0.0,0.0,0.0,960000.0,-30415144.80929031,30547.531735448414,-967820.4180208904,30547.531735448414,610008.9989908409,0.05007718211695936,0.011823268275282017,0.02156397056687203
TGamma,150.0,33,13,68.30674011499221,0.9711513297678656,40094842.83329677,11545485.132038081,3.472772462547789,54.75785022394134,1.7663822652884302,31,31.45641630795989,0.0,40094842.83329677,1274615.7235702327,0.0,960000.0,9896683.177655272,30547.531735448414,39133926.95784589,30547.531735448414,610008.9989908409,0.05007718211695936,0.011823268275282017,0.02156397056687203
TK,150.0,33,13,68.30674011499221,0.9711513297678656,40094842.83329677,11545485.132038081,3.472772462547789,54.75785022394134,1.7663822652884302,31,31.45641630795989,0.0,40094842.83329677,1274615.7235702327,0.0,960000.0,9896683.177655272,30547.531735448414,39133926.95784589,30547.531735448414,610008.9989908409,0.05007718211695936,0.011823268275282017,0.02156397056687203
TBeta,150.0,33,13,68.30674011499221,0.9711513297678656,40094842.83329677,11545485.132038081,3.472772462547789,54.75785022394134,1.7663822652884302,31,31.45641630795989,0.0,40094842.83329677,1274615.7235702327,0.0,960000.0,9896683.177655272,30547.531735448414,39133926.95784589,30547.531735448414,610008.9989908409,0.05007718211695936,0.011823268275282017,0.02156397056687203
TMixed,150.0,33,13,68.30674011499221,0.9711513297678656,40094842.83329677,11545485.132038081,3.472772462547789,54.75785022394134,1.7663822652884302,31,31.45641630795989,0.0,40094842.83329677,1274615.7235702327,0.0,960000.0,9896683.177655272,30547.531735448414,39133926.95784589,30547.531735448414,610008.9989908409,0.05007718211695936,0.011823268275282017,0.02156397056687203
T0,182.1,33,13,68.97699500770173,1.114574280511282,0.0,0.0,0.0,48.27870651344653,1.508709578545204,32,31.765080092851747,0.0,0.0,0.0,0.0,960000.0,-30494476.889137678,30547.531735448414,-970344.7922154494,30547.531735448414,610008.9989908409,0.05007718211695936,0.011823268275282017,0.02156397056687203
TGamma,182.1,33,13,68.40503771211115,1.1308818972254986,39036858.33016854,13060469.646980837,2.988932204225337,39.34499079199122,1.2691932513545556,31,31.501684024320536,0.0,39036858.33016854,1239199.0948811038,0.0,960000.0,8795241.666820824,30547.531735448414,38074559.63771554,30547.531735448414,610008.9989908409,0.05007718211695936,0.011823268275282017,0.02156397056687203
TK,182.1,33,13,68.40503771211115,1.1308818972254986,39036858.33016854,13060469.646980837,2.988932204225337,39.34499079199122,1.2691932513545556,31,31.501684024320536,0.0,39036858.33016854,1239199.0948811038,0.0,960000.0,8795241.666820824,30547.531735448414,38074559.63771554,30547.531735448414,610008.9989908409,0.05007718211695936,0.011823268275282017,0.02156397056687203
TBeta,182.1,33,13,68.40503771211115,1.1308818972254986,39036858.33016854,13060469.646980837,2.988932204225337,39.34499079199122,1.2691932513545556,31,31.501684024320536,0.0,39036858.33016854,1239199.0948811038,0.0,960000.0,8795241.666820824,30547.531735448414,38074559.63771554,30547.531735448414,610008.9989908409,0.05007718211695936,0.011823268275282017,0.02156397056687203
TMixed,182.1,33,13,68.40503771211115,1.1308818972254986,39036858.33016854,13060469.646980837,2.988932204225337,39.34499079199122,1.2691932513545556,31,31.501684024320536,0.0,39036858.33016854,1239199.0948811038,0.0,960000.0,8795241.666820824,30547.531735448414,38074559.63771554,30547.531735448414,610008.9989908409,0.05007718211695936,0.011823268275282017,0.02156397056687203
T0,250.0,33,13,69.14514004867581,1.443648590753328,0.0,0.0,0.0,27.79607178306453,0.8686272432207666,32,31.842513745813303,0.0,0.0,0.0,0.0,960000.0,-30568813.195980772,30547.531735448414,-972710.1991866842,30547.531735448414,610008.9989908409,0.05007718211695936,0.011823268275282017,0.02156397056687203
TGamma,250.0,33,13,68.48047982114178,1.4720441755892248,38045848.312573746,16470389.465008792,2.3099543816739634,22.460182537649786,0.7245220173435415,31,31.53642639944813,0.0,38045848.312573746,1206409.6239274445,0.0,960000.0,7770878.969103541,30547.531735448414,37082488.32631397,30547.531735448414,610008.9989908409,0.05007718211695936,0.011823268275282017,0.02156397056687203
TK,250.0,33,13,68.48047982114178,1.4720441755892248,38045848.312573746,16470389.465008792,2.3099543816739634,22.460182537649786,0.7245220173435415,31,31.53642639944813,0.0,38045848.312573746,1206409.6239274445,0.0,960000.0,7770878.969103541,30547.531735448414,37082488.32631397,30547.531735448414,610008.9989908409,0.05007718211695936,0.011823268275282017,0.02156397056687203
TBeta,250.0,33,13,68.48047982114178,1.4720441755892248,38045848.312573746,16470389.465008792,2.3099543816739634,22.460182537649786,0.7245220173435415,31,31.53642639944813,0.0,38045848.312573746,1206409.6239274445,0.0,960000.0,7770878.969103541,30547.531735448414,37082488.32631397,30547.531735448414,610008.9989908409,0.05007718211695936,0.011823268275282017,0.02156397056687203
TMixed,250.0,33,13,68.48047982114178,1.4720441755892248,38045848.312573746,16470389.465008792,2.3099543816739634,22.460182537649786,0.7245220173435415,31,31.53642639944813,0.0,38045848.312573746,1206409.6239274445,0.0,960000.0,7770878.969103541,30547.531735448414,37082488.32631397,30547.531735448414,610008.9989908409,0.05007718211695936,0.011823268275282017,0.02156397056687203
T0,500.0,33,13,69.18868064153003,2.685073057750542,0.0,0.0,0.0,7.705692534313278,0.24080289169728994,32,31.86256492982255,0.0,0.0,0.0,0.0,960000.0,-30588062.332629647,30547.531735448414,-973322.71336654,30547.531735448414,610008.9989908409,0.05007718211695936,0.011823268275282017,0.02156397056687203
TGamma,500.0,33,13,68.4434215076263,2.7505508426695084,37588774.13263096,30090024.705143582,1.2492104775907857,6.145165716990694,0.19823115216099013,31,31.519360415393674,0.0,37588774.13263096,1192561.4491299468,0.0,960000.0,7330188.133853033,30547.531735448414,36625935.470060684,30547.531735448414,610008.9989908409,0.05007718211695936,0.011823268275282017,0.02156397056687203
TK,500.0,33,13,68.4434215076263,2.7505508426695084,37588774.13263096,30090024.705143582,1.2492104775907857,6.145165716990694,0.19823115216099013,31,31.519360415393674,0.0,37588774.13263096,1192561.4491299468,0.0,960000.0,7330188.133853033,30547.531735448414,36625935.470060684,30547.531735448414,610008.9989908409,0.05007718211695936,0.011823268275282017,0.02156397056687203
TBeta,500.0,33,13,68.4434215076263,2.7505508426695084,37588774.13263096,30090024.705143582,1.2492104775907857,6.145165716990694,0.19823115216099013,31,31.519360415393674,0.0,37588774.13263096,1192561.4491299468,0.0,960000.0,7330188.133853033,30547.531735448414,36625935.470060684,30547.531735448414,610008.9989908409,0.05007718211695936,0.011823268275282017,0.02156397056687203
TMixed,500.0,33,13,68.4434215076263,2.7505508426695084,37588774.13263096,30090024.705143582,1.2492104775907857,6.145165716990694,0.19823115216099013,31,31.519360415393674,0.0,37588774.13263096,1192561.4491299468,0.0,960000.0,7330188.133853033,30547.531735448414,36625935.470060684,30547.531735448414,610008.9989908409,0.05007718211695936,0.011823268275282017,0.02156397056687203
