model,n_hosts,n_params,dof,H_app,H_app_err,kappa_Cep,kappa_Cep_err,beta_X,beta_X_err,sigma_int_v,sigma_int_v_err,chi2,chi2_reduced,logL,AIC,BIC,status,n_iter,sigma_v,sample,z_cut
H0,33,2,31,69.21267912424854,0.0,0.0,,0.0,,50.0,0.0,61.416420278531184,1.9811748476945543,-201.7654705790497,407.5309411580994,410.5239562810323,converged,13,150,primary,0.0
Hβ,33,3,30,68.35102087065293,1.009273158321413,0.0,,39721071.586109474,10008260.308754995,50.0,0.0,44.182438201333426,1.4727479400444474,-193.1978758059458,392.3957516118916,396.8852742962911,converged,17,150,primary,0.0
K0,33,3,30,68.30644830247452,1.015158190878832,1153617.6748133649,281763.66528428247,0.0,,50.0,0.0,44.66461375641247,1.4888204585470823,-193.43656347858962,392.87312695717924,397.3626496415787,converged,18,150,primary,0.0
Kfixβ,33,3,30,68.3036228270805,1.014512751837308,960000.0,,6329628.907960645,9135440.158165226,50.0,0.0,44.65063060036623,1.488354353345541,-193.42984709816193,392.85969419632386,397.3492168807233,converged,18,150,primary,0.0
Kpriorβ,33,4,29,68.3035832036015,1.014999266911216,948197.8128384567,411546.12748660153,6719781.302732252,16398386.319123201,50.0,59.48958042265658,44.64890148247738,1.53961729249922,-193.42943674108045,394.8588734821609,400.84490372802685,converged,24,150,primary,0.0
Kβ,33,4,29,69.92487166066724,1.2344771447564635,-4009160.2738502496,1019142.9703204818,213329194.29803357,51921200.84572255,50.0,0.0,39.41849422234973,1.3592584214603354,-190.8318178034363,389.6636356068726,395.64966585273856,converged,33,150,primary,0.0
H0,33,2,31,69.31810582129253,4.9725209944362314e-09,0.0,,0.0,,0.01,0.0,27.873647100560515,0.8991499064696941,-198.01591907012505,400.0318381402501,403.02485326318305,converged,12,250,primary,0.0
Hβ,33,3,30,68.30391088414859,1.4808414158085963,0.0,,38626682.34900105,13759714.821706625,0.01,0.0,19.60301712468677,0.6534339041562256,-193.90155926600303,393.80311853200607,398.2926412164055,converged,13,250,primary,0.0
K0,33,3,30,68.26850179632208,1.4897326220666598,1127460.6313096192,388687.9313977489,0.0,,0.01,41.98460079487786,19.80679412367711,0.660226470789237,-194.00242146183098,394.00484292366195,398.4943656080614,converged,16,250,primary,0.0
Kfixβ,33,3,30,68.26536395361747,1.4895891019109155,960000.0,,5441634.174872911,12568525.446881145,0.01,0.0,19.802182772332703,0.6600727590777568,-194.000195535187,394.000391070374,398.48991375477345,converged,13,250,primary,0.0
Kpriorβ,33,4,29,68.26531718559335,1.489746256072057,955620.5096622735,405220.30413504125,5585351.710143135,18315979.791091207,0.01,59.344687715413095,19.801941559939582,0.6828255710323994,-194.00013730920185,396.0002746184037,401.98630486426964,converged,21,250,primary,0.0
Kβ,33,4,29,69.68696307828876,0.0,-3844876.4165900657,1340334.0669693802,204705132.2113052,68035092.50343339,0.01,0.0,17.647277599329488,0.6085268137699823,-192.93358687809786,393.8671737561957,399.85320400206166,converged,18,250,primary,0.0
H0,33,2,31,69.18984917417522,0.0,0.0,,0.0,,0.01,0.0,7.707992721504173,0.24864492650013462,-209.46739412236386,422.9347882447277,425.92780336766066,converged,13,500,primary,0.0
Hβ,33,3,30,68.12651117521948,2.781404746698812,0.0,,38547921.85411482,25076121.404368702,0.01,59.31641601515601,5.312353112838302,0.17707843709461007,-208.27445433211324,422.5489086642265,427.0384313486259,converged,10,500,primary,0.0
K0,33,3,30,68.09416611304857,2.790610940502754,1130043.425173931,714660.236677647,0.0,,0.01,0.0,5.365978973890606,0.17886596579635353,-208.30100106082705,422.6020021216541,427.09152480605354,converged,12,500,primary,0.0
Kfixβ,33,3,30,68.09093600227463,2.7915917518310387,960000.0,,5498583.305575857,22985993.098564528,0.01,0.0,5.3647436669149835,0.1788247888971661,-208.30039756340207,422.60079512680414,427.0903178112036,converged,11,500,primary,0.0
Kpriorβ,33,4,29,68.09124172777095,2.792792974295305,958707.9470496789,402392.5015094502,5554954.439015839,26473981.356884554,0.01,59.519147093064774,5.364697147502273,0.1849895568104232,-208.30039380140502,424.60078760281004,430.586817848676,converged,14,500,primary,0.0
Kβ,33,4,29,69.33863559351425,2.748248009575004,-3678956.8319276553,236362.51679961084,196652768.86692423,23636251.67156246,0.010075094085085686,0.0,4.835928828140895,0.1667561664876171,-208.03948502517156,424.0789700503431,430.06500029620906,converged,21,500,primary,0.0
H0,23,2,21,70.89654465961884,1.5604180992194008,0.0,,0.0,,0.01,34.246348753713725,12.441780800601414,0.5924657524095911,-135.0309834444838,274.0619668889676,276.33295532082593,converged,13,250,primary,0.005
Hβ,23,3,20,70.44945029495375,1.574764183060333,0.0,,28471460.734747875,14437568.0804897,0.01,59.33398387604942,8.423433804539986,0.4211716902269993,-133.02855653848349,272.05711307696697,275.46359572475444,converged,14,250,primary,0.005
K0,23,3,20,70.40081193927024,1.5819117148643393,841029.8030026881,414994.1336380487,0.0,,0.01,59.31641601515601,8.440466880098509,0.4220233440049254,-133.03693721842615,272.0738744368523,275.48035708463976,converged,15,250,primary,0.005
Kβ,23,4,19,70.40228618952295,1.5870190999292257,920574.4660237244,12600659.533375602,-2581610.278061393,407292413.12521213,0.01,59.31641601515601,8.440238304514867,0.4442230686586772,-133.03685436448825,274.0737087289765,278.6156855926931,converged,16,250,primary,0.005
H0,13,2,11,71.75680945867455,1.8743445414135869,0.0,,0.0,,0.01,0.0,7.650979221775987,0.6955435656159988,-77.16233442328439,158.32466884656878,159.45456756149187,converged,9,250,primary,0.0075
Hβ,13,3,10,71.50575878045869,5.697336777098004e-07,0.0,,27096572.460164562,15542456.407514712,0.01,0.0,4.567984416466368,0.4567984416466368,-75.61624018222858,157.23248036445716,158.92732843684178,converged,14,250,primary,0.0075
K0,13,3,10,71.4390244938752,1.8815224473531038,799540.5513049545,449373.79286024417,0.0,,0.01,84.01377638120267,4.575371373340274,0.4575371373340274,-75.61985732780616,157.23971465561232,158.93456272799693,converged,16,250,primary,0.0075
Kβ,13,4,9,71.84901418339416,2.843657548419098,2849000.8286718656,5466409.759210522,-62872314.54570305,155895170.03775054,0.01,85.32237372573766,4.544284713279231,0.5049205236976922,-75.60478957110064,159.20957914220128,161.46937657204742,converged,27,250,primary,0.0075
