model,n_params,rank,chi2,dof,chi2_reduced,H0,branch,description,n_hosts,r,p_r,rho,p_rho,AIC,BIC,kappa_Cep,kappa_Cep_err,kappa_Cep_sig,kappa_SN,kappa_SN_err,kappa_SN_sig
A_standard,46,46,3552.706270469551,3444,1.031563957743772,73.04342157542906,primary,Standard (no TEP),37,0.04862491299118,0.01005820771401361,0.033611731331566176,0.07530672346927386,3644.706270469551,3927.9584931685886,,,,,,
B_cepheid_tep,47,47,3552.516972530678,3443,1.0318085891753348,73.16463960798158,primary,Cepheid-bias TEP,37,0.0415421761337923,0.027908830648056004,0.028540812667138878,0.13100747648941635,3646.516972530678,3935.926852244912,-81980.37752250902,188424.32635476333,0.43508382971823517,,,
C_full_tep,48,48,3551.41241278093,3442,1.0317874528706943,73.16420592284265,primary,Full TEP (Cepheid + SN),37,0.033243214508825496,0.07856383544618599,0.025374882870835978,0.1794115538870249,3647.41241278093,3942.9799495103607,228167.5819061831,350128.24343435245,0.6516685991056405,432838.5056825336,411842.61453418614,1.0509803755303342
A_standard,46,46,3618.6705953294913,3478,1.0404458295944483,71.9907948799866,sigma_v_150,Standard (no TEP),37,0.025746028455564385,0.17313079866525136,0.019511542901734267,0.30194308149173443,3710.6705953294913,3994.3687867340705,,,,,,
B_cepheid_tep,47,47,3618.3212535360453,3477,1.0406445940569586,71.83292465927339,sigma_v_150,Cepheid-bias TEP,37,0.03617278514374531,0.05559491928265966,0.026760749315516585,0.1567989363788695,3712.3212535360453,4002.1867969276805,106182.65261159041,179650.44519282583,0.5910514304466122,,,
C_full_tep,48,48,3614.017829283843,3476,1.0397059347767097,71.79907681304917,sigma_v_150,Full TEP (Cepheid + SN),37,0.033266942344036626,0.07835072304304869,0.02471737701687666,0.19095130968058333,3710.017829283843,4006.050724662535,257660.11447677106,193923.13165253322,1.3286713775767618,347476.43331277615,167501.33529479144,2.074469631547953
A_standard,46,46,3569.6905138526154,3472,1.0281366687363525,72.74765545120941,sigma_v_250,Standard (no TEP),37,0.03969252681715391,0.03567642564183746,0.028487224801938736,0.13173267053107038,3661.6905138526154,3945.3103184163006,,,,,,
B_cepheid_tep,47,47,3569.689931949075,3471,1.028432708714801,72.75431867269586,sigma_v_250,Cepheid-bias TEP,37,0.039283613157937394,0.03762295655510893,0.028208368148140008,0.13555667814568118,3663.689931949075,3953.4753844380575,-4442.669442716228,184169.83453581273,0.02412267706008244,,,
C_full_tep,48,48,3566.9952402085073,3470,1.027952518792077,72.73343377111404,sigma_v_250,Full TEP (Cepheid + SN),37,0.03450008649572989,0.06790640809809416,0.025731679295810078,0.17337053078830852,3662.9952402085073,3958.9463406227874,198574.21164173828,221841.67725981213,0.8951167972336238,355090.6935440565,216314.05795507968,1.6415516259132614
A_standard,46,46,3556.1380415698263,3458,1.0283800004539694,72.99770124220076,sigma_v_500,Standard (no TEP),37,0.04662581107786642,0.013591311993292894,0.032589559659583364,0.08462240254853444,3648.1380415698263,3931.574422364415,,,,,,
B_cepheid_tep,47,47,3556.015210084189,3457,1.0286419467990133,73.09550741556096,sigma_v_500,Cepheid-bias TEP,37,0.04085335260900276,0.03061203233195527,0.0284788206064312,0.1318466843841009,3650.015210084189,3939.6132513308344,-65661.20122026966,187350.1181218366,0.3504732309673229,,,
C_full_tep,48,48,3554.5110843680836,3456,1.028504364689839,73.08933519808805,sigma_v_500,Full TEP (Cepheid + SN),37,0.03430122232829577,0.06950885778933187,0.025731073662225545,0.17338065458949972,3650.5110843680836,3946.270786066785,188636.25156107577,279451.7452057203,0.6750226284048071,377157.1280019126,307524.87578369246,1.2264280313609435
A_standard,46,46,3553.1523422644527,3445,1.0313940035600733,73.0346546225357,sigma_v_1000,Standard (no TEP),37,0.04858209190109945,0.010124367614288437,0.033557321495852846,0.07578057156740281,3645.1523422644527,3928.4177435912843,,,,,,
B_cepheid_tep,47,47,3552.9646172163802,3444,1.0316389713171836,73.15533721580802,sigma_v_1000,Cepheid-bias TEP,37,0.04152891735218358,0.027958855011810706,0.028509954730027563,0.13142469204663842,3646.9646172163802,3936.387962050317,-81638.77680040455,188423.63462261943,0.43327248709490807,,,
C_full_tep,48,48,3551.857159082595,3443,1.0316169500675558,73.15493320002102,sigma_v_1000,Full TEP (Cepheid + SN),37,0.03321929985546035,0.07877910256319685,0.025333686334664728,0.1801190144881559,3647.857159082595,3943.4384474236367,228914.06364364346,350126.45418858656,0.6538039639825239,433405.0993046115,411841.73819909716,1.0523583675608177
