normalized_name,incl_deg,vrot_kms,sigma_inferred,sd_ln_vrot_incl,sd_ln_vrot_total,X_1e7,sX_1e7
Mrk 1337,56.6,122.1,94.0,0.07668034784596636,0.12465493758260912,0.07098472101620798,0.22845470953845737
NGC 0691,48.0,200.6,108.0,0.14246346073800462,0.18287111116162086,-0.06619544915083282,0.28497472628999004
NGC 1015,35.5,120.7,106.5,0.3370988218776004,0.3415049493964621,0.34041411227012847,0.8098979810484277
NGC 105,38.8,234.9,85.0,0.26886392339326665,0.27367415770165,-0.09130527404442129,0.41273260715813614
NGC 1309,21.2,162.1,89.0,0.46440659083821967,0.49767396543748055,-0.01981585464375387,0.8217073360687953
NGC 1365,62.6,198.3,151.0,0.04451814164478846,0.0877708557574478,-0.5174092179178379,0.05756969044087442
NGC 1448,86.4,185.1,95.0,8.881784197001252e-16,0.06482982171799027,-0.06537332056593037,0.10113327400612095
NGC 1559,59.9,134.3,73.0,0.047969677212719844,0.056463975161926916,-0.3115751718605821,0.06027964397564469
NGC 2442,50.3,226.7,144.0,0.10955448795828077,0.11382277940310405,-0.7409512737852366,0.02376902427836523
NGC 2525,46.3,126.8,82.0,0.16044986632450986,0.1824002711999849,-0.1964383651509932,0.23672831279415052
NGC 2608,64.3,104.3,87.0,0.03850888633012529,0.05434819857358731,-0.07638072012857959,0.08358567898149051
NGC 3021,55.7,136.7,55.7,0.07022366722965633,0.19249107327315784,-0.6063139720231363,0.09202987599809441
NGC 3147,31.2,334.6,238.0,0.36045189101510877,0.36537427509602705,-0.22625422872730092,0.4524133458667938
NGC 3254,64.4,207.8,117.8,0.03550031914272686,0.06778705660830134,0.3115494145830269,0.15684746908179806
NGC 3370,56.2,149.4,85.0,0.06570350102958795,0.09868135368197105,-0.09309658500938339,0.1484694737526951
NGC 3447,64.1,46.5,55.0,0.06432898563643767,0.18367638917907383,-0.528813568934753,0.11628556879125916
NGC 3583,58.7,181.4,108.0,0.060407464883643076,0.09372784828745587,0.22816845547638143,0.20123971731395465
NGC 3972,81.1,110.0,78.0,0.00013120818784651664,0.09090918559477866,-0.7814761833609634,0.01161592354886165
NGC 3982,29.3,195.6,87.3,0.4054391402705561,0.40804169572267357,-0.7734324406776345,0.058701903070346236
NGC 4038,51.9,169.1,107.0,0.13924630371005603,0.1590587832050787,0.3416123910514622,0.37759794430743004
NGC 4639,51.0,165.9,96.2,0.10859095803560015,0.12165842860457338,0.04933664117594664,0.21769567426789
NGC 4680,62.8,94.5,103.0,0.060262401865903696,0.08019370784289918,0.23905071769722638,0.1739264253995615
NGC 5468,21.1,150.9,68.0,0.4505577408437569,0.45099614265667887,-0.43009146829951644,0.37457234599572625
NGC 5584,42.4,124.7,98.0,0.20168782106733876,0.22346895473535475,0.1461714304659876,0.44315463674061084
NGC 5643,29.6,171.2,107.0,0.39187540768969165,0.39916462206285036,0.11899177989697285,0.7698731784112565
NGC 5728,53.1,224.4,176.0,0.10164966152634952,0.10320075307033966,2.3793940751090896,0.6655948609655684
NGC 5861,69.5,158.5,112.0,0.013816156569038052,0.040297380165515706,0.331811340283872,0.09487413994422404
NGC 5917,53.9,92.6,54.0,0.09173324097081169,0.09728607072732584,-0.5626674381571359,0.0550048163354947
NGC 7250,80.2,71.1,52.0,0.02705691500692744,0.11572503037364773,-0.564092740880454,0.06510017972713084
NGC 7329,42.7,250.9,124.0,0.21299802161632966,0.21433625988230892,0.7634718375855951,0.6896635822139411
NGC 7541,74.8,207.8,64.4,0.0020968264832051356,0.16651945824307263,-0.45287638332509356,0.13071354946042293
NGC 7678,43.0,200.8,107.0,0.20080983753344847,0.3009102988511699,0.3451348541400495,0.7164665492125522
NGC 976,21.2,405.0,218.0,0.42141128324706056,0.4237484847051487,2.67936566618927,2.9871974527334677
UGC 9391,41.2,75.7,75.0,0.2856179620695785,0.456937492925616,-0.25709591709274005,0.5376032084346238
