parameter,value,error,source_id,normalized_name,ra,dec,pgc,host_logmass,z_hd,z_hd_err,z_cmb,z_cmb_err,z_hel,z_hel_err,vpec,vpecerr,m_b_corr,m_b_corr_err,pantheon_id,separation_arcsec,sigma_measured,sigma_inferred,r25_arcsec,r_eff_arcsec,sigma_corrected,sigma_delta,distance_mpc,velocity,h0_derived,pgc_int,tully_nest,tully_nmb,tully_logpK,tully_mvir_tmsun,tully_mlum_tmsun,tully_is_group,tully_is_cluster,rho_local,shear_suppression
mu_M101,29.15951267789768,0.038751213399772,M101,M 101,210.80242916666668,54.34875,50063,10.677,0.00122,0.00084,0.00122,2e-05,0.00082,2e-05,0.0,250.0,9.74571,1.51621,2011fe,276.69850762743545,193.817969,193.817969,865.2094509379817,432.60472546899086,193.817969,0.0,6.790512227578816,365.74679876,53.86144468963109,50063,101379.0,3.0,9.29,,0.967,True,False,0.008865745412321243,0.8089374852214116
mu_M1337,32.91556155810895,0.0821191889374246,M1337,Mrk 1337,193.144622899,-9.776590111,43690,9.554,0.00925,0.00084,0.00966,5e-05,0.00853,5e-05,120.873,250.0,13.6384,0.28515,2006D,13.79293217825751,86.337738,86.337738,36.90806312437145,18.45403156218573,86.337738,0.0,38.29237573028297,2773.0802364999995,72.41859988088828,43690,112531.0,1.0,9.4,,0.516,False,False,0.047982837627741345,0.9320652847719583
mu_N0691,32.82220038569176,0.0876811481466406,N0691,NGC 0691,27.673786536389997,21.759970445709996,6793,10.827,0.00855,0.00084,0.00861,2e-05,0.00954,2e-05,15.8947,250.0,13.599,0.316884,2005W,56.216102101318214,141.84562,141.84562,104.0210551357595,52.01052756787975,141.84562,0.0,36.68090795542066,2563.2255159,69.87900951130109,6793,200365.0,7.0,10.04,4.31,15.8,True,True,0.04571962202453875,0.6003785127459518
mu_N1015,32.617748081806326,0.060076741756443,N1015,NGC 1015,39.54813215151,-1.3187773861799998,9988,9.906,0.00815,0.00084,0.00801,2e-05,0.00877,2e-05,-43.0674,250.0,13.1181,0.370944,2009ig,22.619141847191106,85.347788,85.347788,78.90803975686144,39.45401987843072,85.347788,0.0,33.38486438240689,2443.3085326999994,73.18611526208778,9988,211363.0,1.0,9.5,,1.03,False,False,0.016663798814696488,0.9396054101416161
mu_N105A,34.493374963451345,0.1193578058476689,N105A,NGC 105,6.31979949466,12.88386496266,1583,10.123,0.01682,0.00085,0.01646,9e-05,0.01765,9e-05,-104.478,250.0,15.2119,0.357309,2007A,10.6587383123222,166.099383,166.099383,33.66055362905891,16.830276814529455,166.099383,0.0,79.19084784331494,5042.509143560001,63.675402914450224,1583,210125.0,1.0,9.6,,2.47,False,False,0.02650927709067227,0.9380123350956282
mu_N1309,32.50896360923535,0.0506780279748097,N1309,NGC 1309,50.52731207393,-15.39994213692,12626,9.89,0.00719,0.00085,0.00668,0.00015,0.00719,0.00015,-152.591,250.0,13.1893,0.299093,2002fk,12.667845748593429,114.622009,114.622009,65.6328487184866,32.8164243592433,114.622009,0.0,31.753581879947717,2155.50777302,67.88235044378399,12626,211466.0,1.0,9.37,,0.927,False,False,0.032437299980453915,0.9367067264459407
mu_N1365,31.32541543530425,0.0500632419879221,N1365,NGC 1365,53.40190833333333,-36.140658333333334,13179,10.732,0.00483,0.00085,0.0046,0.00015,0.00492,0.00015,-67.5086,250.0,11.8801,0.446066,2012fr,49.12435147914281,140.219275,140.219275,336.60553629058893,168.30276814529446,140.219275,0.0,18.41124202505071,1447.9975721399999,78.64746822456762,13179,200015.0,49.0,10.75,80.5,106.0,True,True,0.008573804994557765,0.12927099068908238
mu_N1448,31.295113402826516,0.0357285514707881,N1448,NGC 1448,56.132979166666665,-44.644827777777785,13727,11.28,0.00333,0.00084,0.00357,1e-05,0.00379,1e-05,71.5597,250.0,12.2481,0.590389,2001el,22.90363879961533,130.885465,130.885465,227.57327250875508,113.78663625437754,130.885465,0.0,18.156104786146745,998.3088851399999,54.9847501376902,13727,201169.0,3.0,9.69,,2.0,True,False,0.10217739378446282,0.7767538942827101
mu_N1559,31.46078272204369,0.0516333818314369,N1559,NGC 1559,64.3989619176,-62.78368099094,14814,10.375,0.00407,0.00084,0.00435,1e-05,0.00435,1e-05,86.1777,250.0,12.1403,0.475638,2005df,53.73434934545543,94.964441,94.964441,104.0210551357595,52.01052756787975,94.964441,0.0,19.595508797024717,1220.15530406,62.267089704007184,14814,211346.0,1.0,10.29,,1.06,False,False,0.10591396570649936,0.9002537074957508
mu_N2442,31.465229402600443,0.0546366996015777,N2442,NGC 2442,114.09904189399002,-69.53083273787,21373,12.198,0.00488,0.00084,0.00515,2e-05,0.00476,2e-05,80.5777,250.0,12.1943,0.44745,2015F,97.30833663300191,160.301107,160.301107,164.86226215728738,82.43113107864369,160.301107,0.0,19.635677046361693,1462.98719504,74.50658266510234,21373,200281.0,7.0,9.98,2.93,11.2,True,True,1.759078502488817,0.045255210982760856
mu_N2525,32.01138450158723,0.0606591197975918,N2525,NGC 2525,121.40849930031004,-11.427045532359998,22721,10.06,0.00602,0.00085,0.00596,0.00015,0.0051,0.00015,-18.777,250.0,12.6874,0.343274,2018gv,64.37758304478739,89.66114,89.66114,86.52094509379818,43.26047254689909,89.66114,0.0,25.250902228905627,1804.7505971599999,71.47271732310762,22721,102238.0,2.0,9.39,,2.15,True,False,0.04164780926066289,0.8673780517816038
mu_N2608,32.62780095307221,0.1148434167441644,N2608,NGC 2608,128.82220753716,28.473398979510005,24111,10.449,0.00855,0.00084,0.00796,1e-05,0.00719,1e-05,-174.166,250.0,13.4398,0.358202,2001bg,28.266810170056942,73.751237,73.751237,68.72602958303321,34.363014791516605,73.751237,0.0,33.539778535403684,2563.2255159,76.42344785295253,24111,111917.0,1.0,9.47,,1.08,False,False,0.08684449435978508,0.9131026981487496
mu_N3021,32.39157825089393,0.0966189000632787,N3021,NGC 3021,147.73810673169,33.55359289002,28357,10.296,0.00673,0.00084,0.00592,6e-05,0.00504,6e-05,-242.468,250.0,13.1063,0.358431,1995al,15.732375475256568,96.661497,96.661497,47.546795773833395,23.773397886916698,96.661497,0.0,30.082619473225684,2017.60324234,67.06873529200871,28357,102672.0,2.0,9.77,,1.2,True,False,0.25555001583175,0.6924991787360747
mu_N3147,33.09079245164216,0.0854830197759541,N3147,NGC 3147,154.22349524198,73.40073383283999,30019,12.588,0.01079,0.00084,0.00993,2e-05,0.00973,2e-05,-255.903,250.0,13.8153,0.322889,1997bq,78.50756460859391,236.597929,236.597929,116.7135434982842,58.3567717491421,236.597929,0.0,41.51055025468826,3234.7606218199994,77.92622844007376,30019,100715.0,4.0,10.26,,18.6,True,False,1.288093509063619,0.0982324412506526
mu_N3254,32.40309755164495,0.056427656454706,N3254,NGC 3254,157.33300833333334,29.491438888888887,30895,10.63,0.00648,0.00084,0.0055,0.0,0.00452,0.0,-289.936,250.0,13.2078,0.317328,2019np,74.51151356598959,146.936789,146.936789,150.35617008818167,75.17808504409084,146.936789,0.0,30.242626807909346,1942.6551278399997,64.23566114739536,30895,100784.0,4.0,9.91,,4.6,True,False,0.01716185908743592,0.7492928143503269
mu_N3370,32.14249679432585,0.0456347313322023,N3370,NGC 3370,161.76697273869,17.27369871105,32207,10.196,0.00588,0.00084,0.0054,1e-05,0.00427,1e-05,-144.588,250.0,12.9292,0.338568,1994ae,31.31475124602049,105.641753,105.641753,94.86832980505136,47.43416490252569,105.641753,0.0,26.822506478861083,1762.7796530399999,65.72016878546579,32207,112647.0,1.0,9.77,,0.399,False,False,0.03605162011409883,0.9357840305883782
mu_N3447,31.944288930942335,0.0333315910022108,N3447,NGC 3447,163.34986296531,16.77242823926,32694,9.53,0.00465,0.00084,0.00465,2e-05,0.00352,2e-05,-0.2973,250.0,12.6779,0.441191,2012ht,22.03175875379833,32.880465,32.880465,111.4605687291518,55.730284364575894,32.880465,0.0,24.48261404350778,1394.0349296999998,56.93979111963599,32694,,,,,,False,False,0.0063073873705114525,0.94049939283832
mu_N3583,32.7899012784913,0.0634223058066292,N3583,NGC 3583,168.5457458333333,48.318377777777776,34232,10.95,0.00857,0.00084,0.00773,1e-05,0.00702,1e-05,-249.339,250.0,13.4997,0.266214,ASASSN-15so,1.3098966680907265,128.26917,128.26917,84.5514879379336,42.2757439689668,128.26917,0.0,36.139343226006055,2569.2213650599997,71.09208789414787,34232,102455.0,2.0,9.66,,4.24,True,False,0.11816315972220366,0.8271970001575489
mu_N3972,31.707206094762284,0.0676238347875992,N3972,NGC 3972,178.93787699999996,55.320735,37466,10.417,0.00349,0.00084,0.00369,2e-05,0.00313,2e-05,61.7743,250.0,12.5403,0.55206,2011by,18.045728865640704,77.781746,77.781746,116.7135434982842,58.3567717491421,77.781746,0.0,21.95033834795257,1046.2756784199998,47.665583183030606,37466,100008.0,65.0,10.31,55.1,73.3,True,True,0.0587623568033841,0.09437743777917738
mu_N3982,31.63818279538434,0.0561344085927094,N3982,NGC 3982,179.11726896503,55.12523877407,37520,10.199,0.00349,0.00084,0.00369,1e-05,0.00313,1e-05,61.7743,250.0,12.2437,0.544824,1998aq,22.7871952470788,138.310086,138.310086,70.32686445959767,35.163432229798836,138.310086,0.0,21.263588500362,1046.2756784199998,49.20503791738575,37520,100008.0,65.0,10.31,55.1,73.3,True,True,0.17885998314996568,0.08482630701353534
mu_N4038,31.633833407662937,0.0800615212766845,N4038,NGC 4038,180.47084166666667,-18.86758888888889,37967,10.682,0.00571,0.00084,0.0066,2e-05,0.00542,2e-05,265.999,250.0,12.4269,0.374942,2007sr,378.770845274218,119.571757,119.571757,157.44223807493177,78.72111903746588,119.571757,0.0,21.221040857874737,1711.8149351799998,80.66592711661346,37967,,,,,,False,False,0.04876663822707941,0.9317852262889049
mu_N4424,30.823886318364572,0.1080351844117757,N4424,NGC 4424,186.79822551483997,9.420647348250002,40809,9.633,0.00256,0.00084,0.00256,2e-05,0.00144,2e-05,0.0,250.0,11.4703,0.781906,2012cg,17.00238784698356,20.223254,20.223254,108.92341643103045,54.461708215515216,20.223254,0.0,14.614274608739017,767.4686924800001,52.5150042015134,40809,100002.0,197.0,11.34,701.0,529.0,True,True,0.04028014930923208,0.027030373915220382
mu_N4536,30.83549639777847,0.0479757779420524,N4536,NGC 4536,188.6130369583333,2.1878799999999994,41823,9.686,0.00317,0.00084,0.0035,1e-05,0.00236,1e-05,97.8762,250.0,11.5416,0.613941,1981B,55.91057781630411,110.096526,110.096526,227.57327250875508,113.78663625437754,110.096526,0.0,14.69262112024404,950.34209186,64.68158976416967,41823,170002.0,4.0,10.15,,19.1,True,False,0.004910492183439769,0.7501032206681933
mu_N4639,31.78738500726915,0.0713565283748475,N4639,NGC 4639,190.71824375014,13.257418376,42741,9.802,0.00359,0.00084,0.00462,2e-05,0.00355,2e-05,308.577,250.0,12.4439,0.550332,1990N,62.30683330267218,117.309015,117.309015,82.62686110014499,41.313430550072496,117.309015,0.0,22.77597625954237,1076.2549242199998,47.253953549810404,42741,150002.0,2.0,11.2,,0.777,True,False,0.03597425910727591,0.8688981307981486
mu_N4680,32.5468099373571,0.1470442585163361,N4680,NGC 4680,191.7281208333333,-11.637038888888888,43118,9.75,0.00864,0.00085,0.00931,0.00015,0.00817,0.00015,201.132,250.0,13.1668,0.42436,1997bp,24.4465603879768,66.821591,66.821591,43.363193122377815,21.681596561188908,66.821591,0.0,32.31186215802722,2590.20683712,80.16272242225186,43118,112009.0,1.0,9.69,,1.01,False,False,0.07732802181589596,0.9186757192111713
mu_N5468,33.18726848481219,0.0485085615123016,N5468,NGC 5468,211.6453774379183,-5.4529774527145,50323,10.426,0.00954,0.00086,0.00998,0.00019,0.00907,0.00019,129.581,250.0,13.9779,0.250455,2002cr,64.21882633584156,106.702413,106.702413,78.90803975686144,39.45401987843072,106.702413,0.0,43.39639933762259,2860.02004932,65.90454721990034,50323,101135.0,3.0,10.03,,7.25,True,False,0.025122437349121722,0.8071541209673179
mu_N5584,31.86553948636049,0.0453757045325274,N5584,NGC 5584,215.5992125,-0.3874499999999999,51344,10.331,0.00625,0.00084,0.00635,1e-05,0.00552,1e-05,31.5763,250.0,12.8137,0.32481,2007af,46.38789811558817,88.176216,88.176216,101.65324684176076,50.82662342088038,88.176216,0.0,23.6106474950364,1873.7028625,79.35838535956727,51344,112716.0,1.0,10.16,,0.345,False,False,0.058627202413850575,0.9278918472664227
mu_N5643,30.508408628554548,0.0423384635611199,N5643,NGC 5643,218.16990833333332,-44.174611111111105,51969,10.53,0.00331,0.00085,0.00478,0.00015,0.00411,0.00015,440.866,250.0,11.2074,0.59407,2013aa,194.14828260022685,121.056681,121.056681,137.12645688446247,68.56322844223124,121.056681,0.0,12.638098203892708,992.31303598,78.51759180620657,51969,109994.0,1.0,9.69,,3.43,False,False,0.24625082014420951,0.7570263589915945
mu_N5728,32.91590277778192,0.103192618959824,N5728,NGC 5728,220.59954937774,-17.25312243994,52521,10.636,0.00996,0.00086,0.0105,0.00015,0.00974,0.00015,161.695,250.0,13.3927,0.408196,2009Y,22.839020246785093,158.674762,158.674762,92.70886297540773,46.354431487703856,158.674762,0.0,38.29839336997691,2985.93288168,77.96496455699234,52521,108188.0,1.0,9.94,,7.61,False,False,0.036549479457921676,0.9356494535317634
mu_N5861,32.205206817919304,0.0756344575522645,N5861,NGC 5861,227.31704695833332,-11.321661111111112,54097,10.591,0.00677,0.00085,0.00727,0.00015,0.00662,0.00015,147.138,250.0,12.9421,0.339458,2017erp,48.528314991701194,112.076425,112.076425,90.59855161206048,45.29927580603024,112.076425,0.0,27.60840794932155,2029.5949406599998,73.51365368063084,54097,101918.0,2.0,9.87,,3.45,True,False,0.09425377904388045,0.8434248728027163
mu_N5917,32.33689541476568,0.0769424972155627,N5917,NGC 5917,230.3856254335,-7.377089110400001,54809,9.184,0.0071,0.00084,0.00703,6e-05,0.00644,6e-05,-21.2471,250.0,13.0663,0.324465,2005cf,130.12865238403828,65.478088,65.478088,45.40683745308624,22.70341872654312,65.478088,0.0,29.334526531093267,2128.5264518,72.56045021022781,54809,102898.0,2.0,9.53,,0.324,True,False,0.02445038003913903,0.8713125035997802
mu_N7250,31.605972237460463,0.103313425286753,N7250,NGC 7250,334.5740666666667,40.56240555555555,68535,9.131,0.00432,0.00084,0.00293,0.00012,0.00394,0.00012,-413.1,250.0,12.246,0.513549,2013dy,24.990834675810696,50.275292,50.275292,52.134024862481255,26.067012431240627,50.275292,0.0,20.95050266720829,1295.10341856,61.81729570561067,68535,212316.0,1.0,8.82,,0.055,False,False,0.03924998727276652,0.9348880467671817
mu_N7329,33.26914458542828,0.0702010071802581,N7329,NGC 7329,340.10094603963,-66.47895444826,69453,10.501,0.01028,0.00086,0.01042,0.00015,0.01077,0.00015,40.4087,250.0,14.0258,0.246478,2006bh,53.54862058969729,177.413091,177.413091,116.7135434982842,58.3567717491421,177.413091,0.0,45.06391479539031,3081.8664682399994,68.38878695366365,69453,209504.0,1.0,10.05,,3.48,False,False,0.00824016885991363,0.9403936445432937
mu_N7541,32.579683470837224,0.0843555788926216,N7541,NGC 7541,348.68273750000003,4.5339,70795,10.935,0.00814,0.00084,0.00769,2e-05,0.00893,2e-05,-134.006,250.0,13.4634,0.315879,1998dh,54.28672324231211,146.936789,146.936789,104.0210551357595,52.01052756787975,146.936789,0.0,32.80474711102828,2440.31060812,74.38894742461277,70795,202905.0,2.0,9.55,,3.67,True,False,0.08196204395634635,0.8505410795276305
mu_N7678,33.26689439729975,0.0832042725418636,N7678,NGC 7678,352.11609521324993,22.421269142620005,71534,10.53,0.01061,0.00084,0.01049,1e-05,0.01169,1e-05,-34.4658,250.0,14.1276,0.307827,2002dp,45.5139602125777,141.987042,141.987042,70.32686445959767,35.163432229798836,141.987042,0.0,45.01724150369168,3180.7979793799996,70.65732757346217,71534,209910.0,1.0,9.66,,2.82,False,False,0.04039115055387699,0.9345503865149317
mu_N976A,33.54384445493261,0.0823285152545172,N976A,NGC 976,38.50015860403,20.976747665440005,9776,10.854,0.01312,0.00085,0.01334,0.0,0.01413,0.0,64.7561,250.0,14.267,0.2722,1999dq,7.695661697901984,286.378246,286.378246,44.37325164504622,22.18662582252311,286.378246,0.0,51.140961742487555,3933.27704896,76.91050216782021,9776,201272.0,3.0,10.28,,11.2,True,False,0.2312683435434927,0.6665829408755874
mu_U9391,32.81599028059958,0.0544388860427793,U9391,UGC 9391,218.65422,59.337826,52091,9.345,0.00747,0.00084,0.00664,2e-05,0.00638,2e-05,-244.618,250.0,13.5413,0.28787,2003du,15.6195237074935,53.527983,53.527983,49.78760722312682,24.89380361156341,53.527983,0.0,36.576155587560656,2239.44966126,61.227037814264555,52091,,,,,,False,False,0.013862089367502037,0.9399266010325484
